0.0,3.0,0.938775510204,Barack Obama
3.0,3.0,0.25,Barack Obama
6.0,3.0,0.366666666667,Barack Obama
9.0,3.0,0.258064516129,Barack Obama
12.0,3.0,0.15,Barack Obama
15.0,3.0,0.136363636364,Barack Obama
18.0,3.0,0.344827586207,Barack Obama
21.0,3.0,0.131578947368,Barack Obama
24.0,3.0,0.147058823529,Barack Obama
27.0,3.0,0.25,Barack Obama
30.0,3.0,0.166666666667,Barack Obama
33.0,3.0,0.515151515152,Barack Obama
36.0,3.0,0.258064516129,Barack Obama
39.0,3.0,0.576923076923,Barack Obama
42.0,3.0,0.241379310345,Barack Obama
