0.0,3.0,0.56,Barack Obama
3.0,3.0,0.324324324324,Barack Obama
6.0,3.0,0.0,Barack Obama
9.0,3.0,0.242424242424,Barack Obama
12.0,3.0,0.367346938776,Barack Obama
15.0,3.0,0.4,Barack Obama
18.0,3.0,0.314285714286,Barack Obama
21.0,3.0,0.323529411765,Barack Obama
24.0,3.0,0.125,Barack Obama
27.0,3.0,0.2,Barack Obama
30.0,3.0,0.0,Barack Obama
33.0,3.0,0.272727272727,Barack Obama
36.0,3.0,0.217391304348,Barack Obama
39.0,3.0,0.25,Barack Obama
42.0,3.0,0.047619047619,Barack Obama
45.0,3.0,0.222222222222,Barack Obama
48.0,3.0,0.145833333333,Barack Obama
51.0,3.0,0.305555555556,Barack Obama
54.0,3.0,0.111111111111,Barack Obama
57.0,3.0,0.0,Barack Obama
60.0,3.0,0.0555555555556,Barack Obama
