3.0,3.0,0.0666666666667,Barack Obama
6.0,3.0,0.0508474576271,Barack Obama
9.0,3.0,0.0338983050847,Barack Obama
12.0,3.0,0.0701754385965,Barack Obama
15.0,3.0,0.0,Barack Obama
18.0,3.0,0.0,Barack Obama
21.0,3.0,0.0,Barack Obama
24.0,3.0,0.0681818181818,Barack Obama
27.0,3.0,0.0408163265306,Barack Obama
30.0,3.0,0.0434782608696,Barack Obama
33.0,3.0,0.0,Barack Obama
36.0,3.0,0.0588235294118,Barack Obama
39.0,3.0,0.0196078431373,Barack Obama
42.0,3.0,0.0,Barack Obama
45.0,3.0,0.0,Barack Obama
48.0,3.0,0.0434782608696,Barack Obama
51.0,3.0,0.0169491525424,Barack Obama
54.0,3.0,0.0,Barack Obama
57.0,3.0,0.115384615385,Barack Obama
60.0,3.0,0.0681818181818,Barack Obama
63.0,3.0,0.0612244897959,Barack Obama
66.0,3.0,0.0166666666667,Barack Obama
69.0,3.0,0.0,Barack Obama
72.0,3.0,0.115384615385,Barack Obama
75.0,3.0,0.0909090909091,Barack Obama
78.0,3.0,0.15,Barack Obama
81.0,3.0,0.0,Barack Obama
84.0,3.0,0.04,Barack Obama
87.0,3.0,0.0392156862745,Barack Obama
90.0,3.0,0.0,Barack Obama
93.0,3.0,0.0,Barack Obama
96.0,3.0,0.0416666666667,Barack Obama
99.0,3.0,0.0869565217391,Barack Obama
102.0,3.0,0.0,Barack Obama
105.0,3.0,0.02,Barack Obama
108.0,3.0,0.046511627907,Barack Obama
111.0,3.0,0.0535714285714,Barack Obama
114.0,3.0,0.0,Barack Obama
117.0,3.0,0.102040816327,Barack Obama
120.0,3.0,0.0444444444444,Barack Obama
123.0,3.0,0.135593220339,Barack Obama
126.0,3.0,0.0,Barack Obama
129.0,3.0,0.0392156862745,Barack Obama
132.0,3.0,0.111111111111,Barack Obama
135.0,3.0,0.0232558139535,Barack Obama
138.0,3.0,0.0,Barack Obama
141.0,3.0,0.0,Barack Obama
144.0,3.0,0.0327868852459,Barack Obama
147.0,3.0,0.0943396226415,Barack Obama
150.0,3.0,0.0212765957447,Barack Obama
153.0,3.0,0.0,Barack Obama
156.0,3.0,0.0,Barack Obama
159.0,3.0,0.0,Barack Obama
162.0,3.0,0.0434782608696,Barack Obama
165.0,3.0,0.0,Barack Obama
168.0,3.0,0.0612244897959,Barack Obama
171.0,3.0,0.0,Barack Obama
174.0,3.0,0.0,Barack Obama
177.0,3.0,0.0,Barack Obama
180.0,3.0,0.0,Barack Obama
183.0,3.0,0.0816326530612,Barack Obama
186.0,3.0,0.0175438596491,Barack Obama
189.0,3.0,0.0,Barack Obama
192.0,3.0,0.0,Barack Obama
195.0,3.0,0.0,Barack Obama
198.0,3.0,0.0645161290323,Barack Obama
201.0,3.0,0.0,Barack Obama
204.0,3.0,0.0,Barack Obama
207.0,3.0,0.0,Barack Obama
210.0,3.0,0.0,Barack Obama
213.0,3.0,0.0769230769231,Barack Obama
216.0,3.0,0.179487179487,Barack Obama
219.0,3.0,0.0,Barack Obama
222.0,3.0,0.259259259259,Barack Obama
225.0,3.0,0.0645161290323,Barack Obama
228.0,3.0,0.125,Barack Obama
231.0,3.0,0.0,Barack Obama
234.0,3.0,0.0,Barack Obama
237.0,3.0,0.04,Barack Obama
240.0,3.0,0.0263157894737,Barack Obama
243.0,3.0,0.0232558139535,Barack Obama
246.0,3.0,0.0208333333333,Barack Obama
249.0,3.0,0.0222222222222,Barack Obama
252.0,3.0,0.0212765957447,Barack Obama
255.0,3.0,0.0185185185185,Barack Obama
258.0,3.0,0.102040816327,Barack Obama
261.0,3.0,0.0816326530612,Barack Obama
264.0,3.0,0.106382978723,Barack Obama
267.0,3.0,0.0196078431373,Barack Obama
270.0,3.0,0.04,Barack Obama
273.0,3.0,0.0416666666667,Barack Obama
276.0,3.0,0.0,Barack Obama
279.0,3.0,0.05,Barack Obama
282.0,3.0,0.0,Barack Obama
285.0,3.0,0.0652173913043,Barack Obama
288.0,3.0,0.075,Barack Obama
291.0,3.0,0.0204081632653,Barack Obama
294.0,3.0,0.113636363636,Barack Obama
297.0,3.0,0.0181818181818,Barack Obama
300.0,3.0,0.0952380952381,Barack Obama
303.0,3.0,0.0545454545455,Barack Obama
306.0,3.0,0.142857142857,Barack Obama
309.0,3.0,0.0212765957447,Barack Obama
312.0,3.0,0.025,Barack Obama
315.0,3.0,0.0,Barack Obama
318.0,3.0,0.0,Barack Obama
321.0,3.0,0.0,Barack Obama
324.0,3.0,0.137931034483,Barack Obama
327.0,3.0,0.0909090909091,Barack Obama
330.0,3.0,0.0185185185185,Barack Obama
333.0,3.0,0.0714285714286,Barack Obama
336.0,3.0,0.0,Barack Obama
339.0,3.0,0.0238095238095,Barack Obama
342.0,3.0,0.104166666667,Barack Obama
345.0,3.0,0.063829787234,Barack Obama
348.0,3.0,0.05,Barack Obama
351.0,3.0,0.0416666666667,Barack Obama
354.0,3.0,0.0444444444444,Barack Obama
357.0,3.0,0.1,Barack Obama
360.0,3.0,0.025,Barack Obama
363.0,3.0,0.0,Barack Obama
366.0,3.0,0.12,Barack Obama
369.0,3.0,0.0217391304348,Barack Obama
372.0,3.0,0.08,Barack Obama
375.0,3.0,0.0350877192982,Barack Obama
378.0,3.0,0.0,Barack Obama
381.0,3.0,0.0869565217391,Barack Obama
384.0,3.0,0.1,Barack Obama
387.0,3.0,0.107142857143,Barack Obama
390.0,3.0,0.0975609756098,Barack Obama
393.0,3.0,0.0222222222222,Barack Obama
396.0,3.0,0.0576923076923,Barack Obama
399.0,3.0,0.155555555556,Barack Obama
402.0,3.0,0.093023255814,Barack Obama
405.0,3.0,0.157894736842,Barack Obama
408.0,3.0,0.0727272727273,Barack Obama
411.0,3.0,0.0,Barack Obama
414.0,3.0,0.0,Barack Obama
417.0,3.0,0.0178571428571,Barack Obama
420.0,3.0,0.0,Barack Obama
423.0,3.0,0.0,Barack Obama
426.0,3.0,0.190476190476,Barack Obama
429.0,3.0,0.0,Barack Obama
432.0,3.0,0.0555555555556,Barack Obama
435.0,3.0,0.0,Barack Obama
438.0,3.0,0.0,Barack Obama
441.0,3.0,0.0645161290323,Barack Obama
444.0,3.0,0.0,Barack Obama
447.0,3.0,0.0,Barack Obama
450.0,3.0,0.0357142857143,Barack Obama
453.0,3.0,0.031746031746,Barack Obama
456.0,3.0,0.0491803278689,Barack Obama
459.0,3.0,0.0625,Barack Obama
462.0,3.0,0.0483870967742,Barack Obama
465.0,3.0,0.0,Barack Obama
468.0,3.0,0.0,Barack Obama
471.0,3.0,0.234375,Barack Obama
474.0,3.0,0.0,Barack Obama
477.0,3.0,0.175438596491,Barack Obama
480.0,3.0,0.0,Barack Obama
483.0,3.0,0.031746031746,Barack Obama
486.0,3.0,0.0645161290323,Barack Obama
489.0,3.0,0.0,Barack Obama
492.0,3.0,0.0,Barack Obama
495.0,3.0,0.0,Barack Obama
498.0,3.0,0.051724137931,Barack Obama
501.0,3.0,0.0,Barack Obama
504.0,3.0,0.0,Barack Obama
507.0,3.0,0.105263157895,Barack Obama
510.0,3.0,0.0,Barack Obama
513.0,3.0,0.0208333333333,Barack Obama
516.0,3.0,0.0,Barack Obama
519.0,3.0,0.0,Barack Obama
522.0,3.0,0.0,Barack Obama
525.0,3.0,0.0,Barack Obama
528.0,3.0,0.0392156862745,Barack Obama
531.0,3.0,0.0,Barack Obama
534.0,3.0,0.0,Barack Obama
537.0,3.0,0.0327868852459,Barack Obama
540.0,3.0,0.047619047619,Barack Obama
543.0,3.0,0.126984126984,Barack Obama
546.0,3.0,0.0540540540541,Barack Obama
549.0,3.0,0.0625,Barack Obama
552.0,3.0,0.0980392156863,Barack Obama
555.0,3.0,0.109090909091,Barack Obama
558.0,3.0,0.142857142857,Barack Obama
561.0,3.0,0.046875,Barack Obama
564.0,3.0,0.0769230769231,Barack Obama
567.0,3.0,0.0491803278689,Barack Obama
570.0,3.0,0.351851851852,Barack Obama
573.0,3.0,0.0980392156863,Barack Obama
576.0,3.0,0.03125,Barack Obama
579.0,3.0,0.139534883721,Barack Obama
582.0,3.0,0.121212121212,Barack Obama
585.0,3.0,0.0727272727273,Barack Obama
588.0,3.0,0.0357142857143,Barack Obama
591.0,3.0,0.0612244897959,Barack Obama
594.0,3.0,0.0227272727273,Barack Obama
597.0,3.0,0.0,Barack Obama
600.0,3.0,0.0454545454545,Barack Obama
603.0,3.0,0.101694915254,Barack Obama
606.0,3.0,0.431818181818,Barack Obama
609.0,3.0,0.473684210526,Barack Obama
612.0,3.0,0.206896551724,Barack Obama
615.0,3.0,0.333333333333,Barack Obama
618.0,3.0,0.21875,Barack Obama
621.0,3.0,0.0,Barack Obama
624.0,3.0,0.138888888889,Barack Obama
627.0,3.0,0.454545454545,Barack Obama
630.0,3.0,0.118644067797,Barack Obama
633.0,3.0,0.0212765957447,Barack Obama
636.0,3.0,0.063829787234,Barack Obama
639.0,3.0,0.0681818181818,Barack Obama
642.0,3.0,0.0188679245283,Barack Obama
645.0,3.0,0.0882352941176,Barack Obama
648.0,3.0,0.0175438596491,Barack Obama
651.0,3.0,0.0357142857143,Barack Obama
654.0,3.0,0.0350877192982,Barack Obama
657.0,3.0,0.111111111111,Barack Obama
660.0,3.0,0.0384615384615,Barack Obama
663.0,3.0,0.0196078431373,Barack Obama
666.0,3.0,0.0,Barack Obama
669.0,3.0,0.0,Barack Obama
672.0,3.0,0.0,Barack Obama
675.0,3.0,0.06,Barack Obama
678.0,3.0,0.0232558139535,Barack Obama
681.0,3.0,0.0,Barack Obama
684.0,3.0,0.0,Barack Obama
687.0,3.0,0.0357142857143,Barack Obama
690.0,3.0,0.109090909091,Barack Obama
693.0,3.0,0.016393442623,Barack Obama
696.0,3.0,0.0,Barack Obama
699.0,3.0,0.0,Barack Obama
702.0,3.0,0.0,Barack Obama
705.0,3.0,0.112903225806,Barack Obama
708.0,3.0,0.0,Barack Obama
711.0,3.0,0.0,Barack Obama
714.0,3.0,0.0454545454545,Barack Obama
717.0,3.0,0.0526315789474,Barack Obama
720.0,3.0,0.0540540540541,Barack Obama
723.0,3.0,0.0,Barack Obama
726.0,3.0,0.0,Barack Obama
729.0,3.0,0.0,Barack Obama
732.0,3.0,0.0487804878049,Barack Obama
735.0,3.0,0.0,Barack Obama
738.0,3.0,0.0,Barack Obama
741.0,3.0,0.103448275862,Barack Obama
744.0,3.0,0.0212765957447,Barack Obama
747.0,3.0,0.06,Barack Obama
750.0,3.0,0.0731707317073,Barack Obama
753.0,3.0,0.0655737704918,Barack Obama
756.0,3.0,0.0,Barack Obama
759.0,3.0,0.0,Barack Obama
762.0,3.0,0.0847457627119,Barack Obama
765.0,3.0,0.0175438596491,Barack Obama
768.0,3.0,0.101694915254,Barack Obama
771.0,3.0,0.0,Barack Obama
774.0,3.0,0.0196078431373,Barack Obama
777.0,3.0,0.181818181818,Barack Obama
780.0,3.0,0.0545454545455,Barack Obama
783.0,3.0,0.0169491525424,Barack Obama
786.0,3.0,0.0833333333333,Barack Obama
789.0,3.0,0.0645161290323,Barack Obama
792.0,3.0,0.0677966101695,Barack Obama
795.0,3.0,0.0,Barack Obama
798.0,3.0,0.107142857143,Barack Obama
801.0,3.0,0.204081632653,Barack Obama
804.0,3.0,0.0526315789474,Barack Obama
807.0,3.0,0.0212765957447,Barack Obama
810.0,3.0,0.046875,Barack Obama
813.0,3.0,0.0,Barack Obama
816.0,3.0,0.0677966101695,Barack Obama
819.0,3.0,0.0333333333333,Barack Obama
822.0,3.0,0.0,Barack Obama
825.0,3.0,0.075,Barack Obama
828.0,3.0,0.0416666666667,Barack Obama
831.0,3.0,0.0227272727273,Barack Obama
834.0,3.0,0.0925925925926,Barack Obama
837.0,3.0,0.0666666666667,Barack Obama
840.0,3.0,0.0238095238095,Barack Obama
843.0,3.0,0.0,Barack Obama
846.0,3.0,0.0,Barack Obama
849.0,3.0,0.0,Barack Obama
852.0,3.0,0.0,Barack Obama
855.0,3.0,0.0806451612903,Barack Obama
858.0,3.0,0.0,Barack Obama
861.0,3.0,0.0204081632653,Barack Obama
864.0,3.0,0.0,Barack Obama
867.0,3.0,0.0,Barack Obama
870.0,3.0,0.142857142857,Barack Obama
