0.0,3.0,0.5,Barack Obama
3.0,3.0,0.365552612299,Barack Obama
6.0,3.0,0.256882267993,Barack Obama
24.0,3.0,0.252593601579,Barack Obama
27.0,3.0,0.254981619707,Barack Obama
30.0,3.0,0.2598115644,Barack Obama
33.0,3.0,0.273612369514,Barack Obama
36.0,3.0,0.297103454926,Barack Obama
39.0,3.0,0.324847170547,Barack Obama
42.0,3.0,0.343267750659,Barack Obama
45.0,3.0,0.341919873939,Barack Obama
48.0,3.0,0.33034540294,Barack Obama
51.0,3.0,0.325957078862,Barack Obama
54.0,3.0,0.325007985288,Barack Obama
57.0,3.0,0.31679201697,Barack Obama
60.0,3.0,0.29754443593,Barack Obama
63.0,3.0,0.270015075594,Barack Obama
75.0,3.0,0.258351090683,Barack Obama
78.0,3.0,0.31089526993,Barack Obama
81.0,3.0,0.375368033056,Barack Obama
84.0,3.0,0.430970911212,Barack Obama
87.0,3.0,0.45116875303,Barack Obama
90.0,3.0,0.419686176416,Barack Obama
93.0,3.0,0.343359001031,Barack Obama
96.0,3.0,0.252228035111,Barack Obama
111.0,3.0,0.251041206276,Barack Obama
114.0,3.0,0.327326087364,Barack Obama
117.0,3.0,0.380131704508,Barack Obama
120.0,3.0,0.38873535567,Barack Obama
123.0,3.0,0.376117277801,Barack Obama
126.0,3.0,0.393549182044,Barack Obama
129.0,3.0,0.497088478802,Barack Obama
132.0,3.0,0.712745048375,Barack Obama
