0.0,3.0,0.116279069767,Barack Obama
3.0,3.0,0.0740740740741,Barack Obama
6.0,3.0,0.189655172414,Barack Obama
9.0,3.0,0.135593220339,Barack Obama
12.0,3.0,0.145161290323,Barack Obama
15.0,3.0,0.0,Barack Obama
18.0,3.0,0.037037037037,Barack Obama
21.0,3.0,0.046875,Barack Obama
24.0,3.0,0.0227272727273,Barack Obama
27.0,3.0,0.0892857142857,Barack Obama
30.0,3.0,0.169491525424,Barack Obama
33.0,3.0,0.176470588235,Barack Obama
36.0,3.0,0.133333333333,Barack Obama
39.0,3.0,0.0,Barack Obama
42.0,3.0,0.0,Barack Obama
45.0,3.0,0.06,Barack Obama
48.0,3.0,0.0645161290323,Barack Obama
51.0,3.0,0.04,Barack Obama
54.0,3.0,0.0,Barack Obama
57.0,3.0,0.228070175439,Barack Obama
60.0,3.0,0.150943396226,Barack Obama
63.0,3.0,0.0980392156863,Barack Obama
66.0,3.0,0.222222222222,Barack Obama
69.0,3.0,0.133333333333,Barack Obama
72.0,3.0,0.0892857142857,Barack Obama
75.0,3.0,0.107142857143,Barack Obama
78.0,3.0,0.0,Barack Obama
81.0,3.0,0.0,Barack Obama
84.0,3.0,0.0576923076923,Barack Obama
87.0,3.0,0.607843137255,Barack Obama
90.0,3.0,0.282051282051,Barack Obama
93.0,3.0,0.122807017544,Barack Obama
96.0,3.0,0.177419354839,Barack Obama
99.0,3.0,0.173076923077,Barack Obama
102.0,3.0,0.25,Barack Obama
105.0,3.0,0.232142857143,Barack Obama
108.0,3.0,0.0,Barack Obama
111.0,3.0,0.0,Barack Obama
114.0,3.0,0.0833333333333,Barack Obama
117.0,3.0,0.0363636363636,Barack Obama
120.0,3.0,0.103448275862,Barack Obama
123.0,3.0,0.172413793103,Barack Obama
126.0,3.0,0.209677419355,Barack Obama
129.0,3.0,0.016393442623,Barack Obama
132.0,3.0,0.0566037735849,Barack Obama
135.0,3.0,0.02,Barack Obama
138.0,3.0,0.153846153846,Barack Obama
141.0,3.0,0.0961538461538,Barack Obama
144.0,3.0,0.0,Barack Obama
