3.0,3.0,0.333333333333,Barack Obama
6.0,3.0,0.677419354839,Barack Obama
9.0,3.0,0.730769230769,Barack Obama
12.0,3.0,0.575757575758,Barack Obama
15.0,3.0,0.468085106383,Barack Obama
18.0,3.0,0.538461538462,Barack Obama
21.0,3.0,0.432432432432,Barack Obama
24.0,3.0,0.451612903226,Barack Obama
27.0,3.0,0.535714285714,Barack Obama
30.0,3.0,0.446808510638,Barack Obama
33.0,3.0,0.628571428571,Barack Obama
36.0,3.0,0.522727272727,Barack Obama
39.0,3.0,0.6875,Barack Obama
42.0,3.0,0.677419354839,Barack Obama
45.0,3.0,0.673469387755,Barack Obama
48.0,3.0,0.823529411765,Barack Obama
51.0,3.0,0.551020408163,Barack Obama
54.0,3.0,0.76,Barack Obama
57.0,3.0,0.594594594595,Barack Obama
60.0,3.0,0.622222222222,Barack Obama
63.0,3.0,0.547619047619,Barack Obama
66.0,3.0,0.628571428571,Barack Obama
69.0,3.0,0.772727272727,Barack Obama
72.0,3.0,0.62962962963,Barack Obama
75.0,3.0,0.527777777778,Barack Obama
78.0,3.0,0.75,Barack Obama
81.0,3.0,0.567567567568,Barack Obama
84.0,3.0,0.775,Barack Obama
87.0,3.0,0.806451612903,Barack Obama
90.0,3.0,0.548387096774,Barack Obama
93.0,3.0,0.642857142857,Barack Obama
96.0,3.0,0.814814814815,Barack Obama
99.0,3.0,0.583333333333,Barack Obama
102.0,3.0,0.590909090909,Barack Obama
105.0,3.0,0.675675675676,Barack Obama
108.0,3.0,0.730769230769,Barack Obama
111.0,3.0,0.903225806452,Barack Obama
114.0,3.0,0.607142857143,Barack Obama
117.0,3.0,0.702127659574,Barack Obama
120.0,3.0,0.774193548387,Barack Obama
123.0,3.0,0.611111111111,Barack Obama
126.0,3.0,0.777777777778,Barack Obama
129.0,3.0,0.628571428571,Barack Obama
132.0,3.0,0.702702702703,Barack Obama
135.0,3.0,0.581395348837,Barack Obama
138.0,3.0,0.714285714286,Barack Obama
141.0,3.0,0.714285714286,Barack Obama
144.0,3.0,0.542857142857,Barack Obama
147.0,3.0,0.333333333333,Barack Obama
150.0,3.0,0.413793103448,Barack Obama
153.0,3.0,0.545454545455,Barack Obama
156.0,3.0,0.689655172414,Barack Obama
159.0,3.0,0.758620689655,Barack Obama
162.0,3.0,0.264705882353,Barack Obama
165.0,3.0,0.575,Barack Obama
168.0,3.0,0.577777777778,Barack Obama
171.0,3.0,0.827586206897,Barack Obama
174.0,3.0,0.513513513514,Barack Obama
177.0,3.0,0.613636363636,Barack Obama
180.0,3.0,0.333333333333,Barack Obama
183.0,3.0,0.592592592593,Barack Obama
186.0,3.0,0.533333333333,Barack Obama
189.0,3.0,0.657894736842,Barack Obama
192.0,3.0,0.627906976744,Barack Obama
195.0,3.0,0.59375,Barack Obama
198.0,3.0,0.410256410256,Barack Obama
201.0,3.0,0.625,Barack Obama
204.0,3.0,0.560975609756,Barack Obama
207.0,3.0,0.363636363636,Barack Obama
210.0,3.0,0.555555555556,Barack Obama
213.0,3.0,0.461538461538,Barack Obama
216.0,3.0,0.608695652174,Barack Obama
219.0,3.0,0.756756756757,Barack Obama
222.0,3.0,0.583333333333,Barack Obama
225.0,3.0,0.352941176471,Barack Obama
228.0,3.0,0.405405405405,Barack Obama
231.0,3.0,0.276595744681,Barack Obama
234.0,3.0,0.481481481481,Barack Obama
237.0,3.0,0.51724137931,Barack Obama
240.0,3.0,0.552631578947,Barack Obama
243.0,3.0,0.357142857143,Barack Obama
246.0,3.0,0.310344827586,Barack Obama
249.0,3.0,0.555555555556,Barack Obama
252.0,3.0,0.678571428571,Barack Obama
255.0,3.0,0.540540540541,Barack Obama
258.0,3.0,0.45,Barack Obama
261.0,3.0,0.5,Barack Obama
264.0,3.0,0.558139534884,Barack Obama
267.0,3.0,0.55,Barack Obama
270.0,3.0,0.586206896552,Barack Obama
273.0,3.0,0.545454545455,Barack Obama
276.0,3.0,0.322580645161,Barack Obama
279.0,3.0,0.52380952381,Barack Obama
282.0,3.0,0.384615384615,Barack Obama
285.0,3.0,0.578947368421,Barack Obama
288.0,3.0,0.446808510638,Barack Obama
291.0,3.0,0.264705882353,Barack Obama
294.0,3.0,0.448275862069,Barack Obama
297.0,3.0,0.884615384615,Barack Obama
300.0,3.0,0.478260869565,Barack Obama
303.0,3.0,0.384615384615,Barack Obama
306.0,3.0,0.567567567568,Barack Obama
309.0,3.0,0.530612244898,Barack Obama
312.0,3.0,0.314285714286,Barack Obama
315.0,3.0,0.414634146341,Barack Obama
318.0,3.0,0.574468085106,Barack Obama
321.0,3.0,0.558823529412,Barack Obama
324.0,3.0,0.717391304348,Barack Obama
327.0,3.0,0.6,Barack Obama
330.0,3.0,0.43137254902,Barack Obama
333.0,3.0,0.375,Barack Obama
336.0,3.0,0.446808510638,Barack Obama
339.0,3.0,0.235294117647,Barack Obama
