0.0,3.0,0.0,Barack Obama
3.0,3.0,0.0,Barack Obama
6.0,3.0,0.0,Barack Obama
9.0,3.0,0.0,Barack Obama
18.0,3.0,0.0,Barack Obama
21.0,3.0,0.0,Barack Obama
24.0,3.0,0.0,Barack Obama
27.0,3.0,0.111111111111,Barack Obama
30.0,3.0,0.142857142857,Barack Obama
33.0,3.0,0.128205128205,Barack Obama
36.0,3.0,0.36170212766,Barack Obama
39.0,3.0,0.125,Barack Obama
42.0,3.0,0.0,Barack Obama
45.0,3.0,0.157894736842,Barack Obama
48.0,3.0,0.206896551724,Barack Obama
51.0,3.0,0.107142857143,Barack Obama
54.0,3.0,0.147058823529,Barack Obama
57.0,3.0,0.311111111111,Barack Obama
60.0,3.0,0.277777777778,Barack Obama
63.0,3.0,0.186046511628,Barack Obama
66.0,3.0,0.40350877193,Barack Obama
69.0,3.0,0.172413793103,Barack Obama
72.0,3.0,0.275862068966,Barack Obama
75.0,3.0,0.156862745098,Barack Obama
78.0,3.0,0.378378378378,Barack Obama
81.0,3.0,0.241379310345,Barack Obama
84.0,3.0,0.0,Barack Obama
87.0,3.0,0.352941176471,Barack Obama
90.0,3.0,0.159090909091,Barack Obama
93.0,3.0,0.276595744681,Barack Obama
96.0,3.0,0.324324324324,Barack Obama
99.0,3.0,0.238095238095,Barack Obama
102.0,3.0,0.285714285714,Barack Obama
105.0,3.0,0.269230769231,Barack Obama
108.0,3.0,0.207547169811,Barack Obama
111.0,3.0,0.193548387097,Barack Obama
114.0,3.0,0.233333333333,Barack Obama
117.0,3.0,0.272727272727,Barack Obama
120.0,3.0,0.295454545455,Barack Obama
123.0,3.0,0.4375,Barack Obama
126.0,3.0,0.422222222222,Barack Obama
129.0,3.0,0.270833333333,Barack Obama
132.0,3.0,0.372093023256,Barack Obama
135.0,3.0,0.530612244898,Barack Obama
138.0,3.0,0.315789473684,Barack Obama
141.0,3.0,0.277777777778,Barack Obama
144.0,3.0,0.571428571429,Barack Obama
147.0,3.0,0.36,Barack Obama
150.0,3.0,0.344827586207,Barack Obama
153.0,3.0,0.210526315789,Barack Obama
156.0,3.0,0.0,Barack Obama
159.0,3.0,0.230769230769,Barack Obama
162.0,3.0,0.318181818182,Barack Obama
165.0,3.0,0.385964912281,Barack Obama
168.0,3.0,0.0555555555556,Barack Obama
171.0,3.0,0.14,Barack Obama
174.0,3.0,0.151515151515,Barack Obama
177.0,3.0,0.321428571429,Barack Obama
180.0,3.0,0.075,Barack Obama
183.0,3.0,0.107142857143,Barack Obama
186.0,3.0,0.391304347826,Barack Obama
189.0,3.0,0.1,Barack Obama
192.0,3.0,0.0,Barack Obama
195.0,3.0,0.153846153846,Barack Obama
198.0,3.0,0.1875,Barack Obama
201.0,3.0,0.133333333333,Barack Obama
204.0,3.0,0.125,Barack Obama
207.0,3.0,0.117647058824,Barack Obama
210.0,3.0,0.121212121212,Barack Obama
213.0,3.0,0.0769230769231,Barack Obama
216.0,3.0,0.0540540540541,Barack Obama
219.0,3.0,0.0740740740741,Barack Obama
222.0,3.0,0.206896551724,Barack Obama
225.0,3.0,0.105263157895,Barack Obama
228.0,3.0,0.075,Barack Obama
231.0,3.0,0.222222222222,Barack Obama
234.0,3.0,0.135135135135,Barack Obama
237.0,3.0,0.0588235294118,Barack Obama
240.0,3.0,0.161290322581,Barack Obama
243.0,3.0,0.0285714285714,Barack Obama
246.0,3.0,0.0714285714286,Barack Obama
249.0,3.0,0.19512195122,Barack Obama
252.0,3.0,0.108108108108,Barack Obama
255.0,3.0,0.2,Barack Obama
258.0,3.0,0.0588235294118,Barack Obama
261.0,3.0,0.03125,Barack Obama
264.0,3.0,0.037037037037,Barack Obama
267.0,3.0,0.133333333333,Barack Obama
270.0,3.0,0.0,Barack Obama
273.0,3.0,0.21875,Barack Obama
276.0,3.0,0.473684210526,Barack Obama
279.0,3.0,0.0612244897959,Barack Obama
282.0,3.0,0.0740740740741,Barack Obama
285.0,3.0,0.24,Barack Obama
288.0,3.0,0.171428571429,Barack Obama
291.0,3.0,0.305555555556,Barack Obama
294.0,3.0,0.185185185185,Barack Obama
297.0,3.0,0.0434782608696,Barack Obama
300.0,3.0,0.176470588235,Barack Obama
303.0,3.0,0.1,Barack Obama
306.0,3.0,0.285714285714,Barack Obama
309.0,3.0,0.27027027027,Barack Obama
312.0,3.0,0.0833333333333,Barack Obama
315.0,3.0,0.235294117647,Barack Obama
318.0,3.0,0.351351351351,Barack Obama
321.0,3.0,0.238095238095,Barack Obama
324.0,3.0,0.0689655172414,Barack Obama
327.0,3.0,0.230769230769,Barack Obama
330.0,3.0,0.0666666666667,Barack Obama
333.0,3.0,0.1875,Barack Obama
336.0,3.0,0.0909090909091,Barack Obama
339.0,3.0,0.0,Barack Obama
342.0,3.0,0.365853658537,Barack Obama
345.0,3.0,0.170731707317,Barack Obama
348.0,3.0,0.409090909091,Barack Obama
351.0,3.0,0.228571428571,Barack Obama
354.0,3.0,0.173913043478,Barack Obama
357.0,3.0,0.0,Barack Obama
360.0,3.0,0.193548387097,Barack Obama
363.0,3.0,0.228571428571,Barack Obama
366.0,3.0,0.147058823529,Barack Obama
369.0,3.0,0.0869565217391,Barack Obama
372.0,3.0,0.351351351351,Barack Obama
375.0,3.0,0.41935483871,Barack Obama
378.0,3.0,0.0697674418605,Barack Obama
381.0,3.0,0.307692307692,Barack Obama
384.0,3.0,0.222222222222,Barack Obama
387.0,3.0,0.47619047619,Barack Obama
390.0,3.0,0.352941176471,Barack Obama
393.0,3.0,0.235294117647,Barack Obama
396.0,3.0,0.157894736842,Barack Obama
399.0,3.0,0.103448275862,Barack Obama
402.0,3.0,0.375,Barack Obama
405.0,3.0,0.391304347826,Barack Obama
408.0,3.0,0.333333333333,Barack Obama
411.0,3.0,0.3,Barack Obama
414.0,3.0,0.147058823529,Barack Obama
417.0,3.0,0.422222222222,Barack Obama
420.0,3.0,0.268292682927,Barack Obama
423.0,3.0,0.520833333333,Barack Obama
426.0,3.0,0.424242424242,Barack Obama
429.0,3.0,0.25,Barack Obama
432.0,3.0,0.333333333333,Barack Obama
435.0,3.0,0.2,Barack Obama
438.0,3.0,0.105263157895,Barack Obama
441.0,3.0,0.32,Barack Obama
444.0,3.0,0.111111111111,Barack Obama
447.0,3.0,0.111111111111,Barack Obama
450.0,3.0,0.0344827586207,Barack Obama
453.0,3.0,0.269230769231,Barack Obama
456.0,3.0,0.2,Barack Obama
459.0,3.0,1.0,Barack Obama
462.0,3.0,0.25,Barack Obama
465.0,3.0,0.333333333333,Barack Obama
468.0,3.0,0.102040816327,Barack Obama
471.0,3.0,0.111111111111,Barack Obama
474.0,3.0,0.125,Barack Obama
477.0,3.0,0.35,Barack Obama
480.0,3.0,0.186046511628,Barack Obama
483.0,3.0,0.0357142857143,Barack Obama
486.0,3.0,0.130434782609,Barack Obama
489.0,3.0,0.037037037037,Barack Obama
492.0,3.0,0.170731707317,Barack Obama
495.0,3.0,0.227272727273,Barack Obama
498.0,3.0,0.166666666667,Barack Obama
501.0,3.0,0.0222222222222,Barack Obama
504.0,3.0,0.15625,Barack Obama
507.0,3.0,0.214285714286,Barack Obama
510.0,3.0,0.151515151515,Barack Obama
513.0,3.0,0.047619047619,Barack Obama
516.0,3.0,0.175,Barack Obama
519.0,3.0,0.0789473684211,Barack Obama
522.0,3.0,0.0731707317073,Barack Obama
525.0,3.0,0.217391304348,Barack Obama
528.0,3.0,0.2,Barack Obama
531.0,3.0,0.129032258065,Barack Obama
534.0,3.0,0.161290322581,Barack Obama
537.0,3.0,0.4,Barack Obama
540.0,3.0,0.347826086957,Barack Obama
543.0,3.0,0.153846153846,Barack Obama
546.0,3.0,0.025,Barack Obama
549.0,3.0,0.173913043478,Barack Obama
552.0,3.0,0.0869565217391,Barack Obama
555.0,3.0,0.333333333333,Barack Obama
558.0,3.0,0.1,Barack Obama
561.0,3.0,0.411764705882,Barack Obama
564.0,3.0,0.227272727273,Barack Obama
567.0,3.0,0.142857142857,Barack Obama
570.0,3.0,0.625,Barack Obama
573.0,3.0,0.0,Barack Obama
576.0,3.0,0.075,Barack Obama
579.0,3.0,0.0,Barack Obama
582.0,3.0,0.203389830508,Barack Obama
585.0,3.0,0.418181818182,Barack Obama
588.0,3.0,0.561403508772,Barack Obama
591.0,3.0,0.416666666667,Barack Obama
594.0,3.0,0.346153846154,Barack Obama
597.0,3.0,0.520833333333,Barack Obama
600.0,3.0,0.453125,Barack Obama
603.0,3.0,0.314285714286,Barack Obama
606.0,3.0,0.42,Barack Obama
609.0,3.0,0.387755102041,Barack Obama
612.0,3.0,0.339622641509,Barack Obama
615.0,3.0,0.513513513514,Barack Obama
618.0,3.0,0.42,Barack Obama
621.0,3.0,0.5,Barack Obama
624.0,3.0,0.25,Barack Obama
627.0,3.0,0.612903225806,Barack Obama
630.0,3.0,0.48275862069,Barack Obama
633.0,3.0,0.451612903226,Barack Obama
636.0,3.0,0.380952380952,Barack Obama
639.0,3.0,0.558139534884,Barack Obama
642.0,3.0,0.36170212766,Barack Obama
645.0,3.0,0.377777777778,Barack Obama
648.0,3.0,0.446428571429,Barack Obama
651.0,3.0,0.357142857143,Barack Obama
654.0,3.0,0.387096774194,Barack Obama
657.0,3.0,0.568181818182,Barack Obama
660.0,3.0,0.41935483871,Barack Obama
663.0,3.0,0.479166666667,Barack Obama
666.0,3.0,0.482142857143,Barack Obama
669.0,3.0,0.3,Barack Obama
672.0,3.0,0.558823529412,Barack Obama
675.0,3.0,0.217391304348,Barack Obama
678.0,3.0,0.368421052632,Barack Obama
681.0,3.0,0.461538461538,Barack Obama
684.0,3.0,0.538461538462,Barack Obama
687.0,3.0,0.297872340426,Barack Obama
690.0,3.0,0.512820512821,Barack Obama
693.0,3.0,0.512820512821,Barack Obama
696.0,3.0,0.269230769231,Barack Obama
699.0,3.0,0.369565217391,Barack Obama
702.0,3.0,0.452380952381,Barack Obama
705.0,3.0,0.461538461538,Barack Obama
708.0,3.0,0.428571428571,Barack Obama
711.0,3.0,0.27027027027,Barack Obama
714.0,3.0,0.603448275862,Barack Obama
717.0,3.0,0.322580645161,Barack Obama
720.0,3.0,0.15625,Barack Obama
723.0,3.0,0.363636363636,Barack Obama
726.0,3.0,0.217391304348,Barack Obama
729.0,3.0,0.208333333333,Barack Obama
732.0,3.0,0.114285714286,Barack Obama
735.0,3.0,0.227272727273,Barack Obama
738.0,3.0,0.157894736842,Barack Obama
741.0,3.0,0.12,Barack Obama
744.0,3.0,0.146341463415,Barack Obama
747.0,3.0,0.0740740740741,Barack Obama
750.0,3.0,0.111111111111,Barack Obama
753.0,3.0,0.212121212121,Barack Obama
756.0,3.0,0.0833333333333,Barack Obama
759.0,3.0,0.0740740740741,Barack Obama
762.0,3.0,0.111111111111,Barack Obama
765.0,3.0,0.0,Barack Obama
768.0,3.0,0.142857142857,Barack Obama
771.0,3.0,0.2,Barack Obama
774.0,3.0,0.0,Barack Obama
777.0,3.0,0.260869565217,Barack Obama
780.0,3.0,0.111111111111,Barack Obama
783.0,3.0,0.0526315789474,Barack Obama
786.0,3.0,0.105263157895,Barack Obama
789.0,3.0,0.151515151515,Barack Obama
792.0,3.0,0.0,Barack Obama
795.0,3.0,0.125,Barack Obama
798.0,3.0,0.0882352941176,Barack Obama
801.0,3.0,0.142857142857,Barack Obama
804.0,3.0,0.0,Barack Obama
807.0,3.0,0.0588235294118,Barack Obama
810.0,3.0,0.122448979592,Barack Obama
813.0,3.0,0.4,Barack Obama
816.0,3.0,0.307692307692,Barack Obama
819.0,3.0,0.0285714285714,Barack Obama
822.0,3.0,0.25641025641,Barack Obama
825.0,3.0,0.222222222222,Barack Obama
828.0,3.0,0.117647058824,Barack Obama
831.0,3.0,0.375,Barack Obama
834.0,3.0,0.217391304348,Barack Obama
837.0,3.0,0.03125,Barack Obama
840.0,3.0,0.260869565217,Barack Obama
843.0,3.0,0.166666666667,Barack Obama
846.0,3.0,0.304347826087,Barack Obama
849.0,3.0,0.142857142857,Barack Obama
852.0,3.0,0.148148148148,Barack Obama
855.0,3.0,0.1875,Barack Obama
858.0,3.0,0.236842105263,Barack Obama
861.0,3.0,0.157894736842,Barack Obama
864.0,3.0,0.0810810810811,Barack Obama
867.0,3.0,0.0555555555556,Barack Obama
870.0,3.0,0.323529411765,Barack Obama
873.0,3.0,0.0,Barack Obama
876.0,3.0,0.0,Barack Obama
879.0,3.0,0.206896551724,Barack Obama
882.0,3.0,0.285714285714,Barack Obama
885.0,3.0,0.176470588235,Barack Obama
888.0,3.0,0.265306122449,Barack Obama
891.0,3.0,0.0625,Barack Obama
894.0,3.0,0.0,Barack Obama
897.0,3.0,0.0,Barack Obama
900.0,3.0,0.469387755102,Barack Obama
903.0,3.0,0.270833333333,Barack Obama
906.0,3.0,0.0,Barack Obama
909.0,3.0,0.0,Barack Obama
912.0,3.0,0.0,Barack Obama
915.0,3.0,0.405405405405,Barack Obama
918.0,3.0,0.0,Barack Obama
921.0,3.0,0.530612244898,Barack Obama
924.0,3.0,0.282608695652,Barack Obama
927.0,3.0,0.2,Barack Obama
930.0,3.0,0.219512195122,Barack Obama
933.0,3.0,0.0,Barack Obama
936.0,3.0,0.0,Barack Obama
939.0,3.0,0.192307692308,Barack Obama
942.0,3.0,0.351351351351,Barack Obama
945.0,3.0,0.0,Barack Obama
948.0,3.0,0.0,Barack Obama
951.0,3.0,0.5,Barack Obama
954.0,3.0,0.388888888889,Barack Obama
957.0,3.0,0.238095238095,Barack Obama
960.0,3.0,0.0,Barack Obama
963.0,3.0,0.322033898305,Barack Obama
966.0,3.0,0.239130434783,Barack Obama
969.0,3.0,0.322033898305,Barack Obama
972.0,3.0,0.0,Barack Obama
975.0,3.0,0.0,Barack Obama
978.0,3.0,0.629032258065,Barack Obama
981.0,3.0,0.146341463415,Barack Obama
984.0,3.0,0.275862068966,Barack Obama
987.0,3.0,0.0,Barack Obama
990.0,3.0,0.0,Barack Obama
993.0,3.0,0.21875,Barack Obama
996.0,3.0,0.0,Barack Obama
999.0,3.0,0.0,Barack Obama
1002.0,3.0,0.4,Barack Obama
1005.0,3.0,0.338983050847,Barack Obama
1008.0,3.0,0.317073170732,Barack Obama
1011.0,3.0,0.0,Barack Obama
1014.0,3.0,0.0,Barack Obama
1017.0,3.0,0.0,Barack Obama
1020.0,3.0,0.254545454545,Barack Obama
1023.0,3.0,0.186440677966,Barack Obama
1026.0,3.0,0.0,Barack Obama
1029.0,3.0,0.206349206349,Barack Obama
1032.0,3.0,0.0,Barack Obama
1035.0,3.0,0.0,Barack Obama
1038.0,3.0,0.0,Barack Obama
1041.0,3.0,0.510638297872,Barack Obama
1044.0,3.0,0.320754716981,Barack Obama
1047.0,3.0,0.237288135593,Barack Obama
1050.0,3.0,0.0,Barack Obama
1053.0,3.0,0.140625,Barack Obama
1056.0,3.0,0.25,Barack Obama
1059.0,3.0,0.333333333333,Barack Obama
1062.0,3.0,0.27027027027,Barack Obama
1065.0,3.0,0.46875,Barack Obama
1068.0,3.0,0.170731707317,Barack Obama
1071.0,3.0,0.317073170732,Barack Obama
1074.0,3.0,0.0454545454545,Barack Obama
1077.0,3.0,0.0,Barack Obama
1080.0,3.0,0.296296296296,Barack Obama
1083.0,3.0,0.297872340426,Barack Obama
1086.0,3.0,0.227272727273,Barack Obama
1089.0,3.0,0.137931034483,Barack Obama
1092.0,3.0,0.145833333333,Barack Obama
1095.0,3.0,0.125,Barack Obama
1098.0,3.0,0.295454545455,Barack Obama
1101.0,3.0,0.30303030303,Barack Obama
1104.0,3.0,0.263157894737,Barack Obama
1107.0,3.0,0.352941176471,Barack Obama
1110.0,3.0,0.648648648649,Barack Obama
1113.0,3.0,0.078431372549,Barack Obama
1116.0,3.0,0.178571428571,Barack Obama
1119.0,3.0,0.136363636364,Barack Obama
1122.0,3.0,0.0487804878049,Barack Obama
1125.0,3.0,0.051724137931,Barack Obama
1128.0,3.0,0.297297297297,Barack Obama
1131.0,3.0,0.25,Barack Obama
1134.0,3.0,0.111111111111,Barack Obama
1137.0,3.0,0.333333333333,Barack Obama
1140.0,3.0,0.0789473684211,Barack Obama
1143.0,3.0,0.209302325581,Barack Obama
1146.0,3.0,0.297872340426,Barack Obama
1149.0,3.0,0.470588235294,Barack Obama
1152.0,3.0,0.216216216216,Barack Obama
1155.0,3.0,0.565217391304,Barack Obama
1158.0,3.0,0.34375,Barack Obama
1161.0,3.0,0.357142857143,Barack Obama
1164.0,3.0,0.333333333333,Barack Obama
1167.0,3.0,0.210526315789,Barack Obama
1170.0,3.0,0.125,Barack Obama
1173.0,3.0,0.162790697674,Barack Obama
1176.0,3.0,0.1875,Barack Obama
1179.0,3.0,0.108695652174,Barack Obama
1182.0,3.0,0.0833333333333,Barack Obama
1185.0,3.0,0.347826086957,Barack Obama
1188.0,3.0,0.138888888889,Barack Obama
1191.0,3.0,0.243243243243,Barack Obama
1194.0,3.0,0.166666666667,Barack Obama
1197.0,3.0,0.104166666667,Barack Obama
1200.0,3.0,0.222222222222,Barack Obama
1203.0,3.0,0.379310344828,Barack Obama
1206.0,3.0,0.0243902439024,Barack Obama
1209.0,3.0,0.527777777778,Barack Obama
1212.0,3.0,0.578947368421,Barack Obama
1215.0,3.0,0.214285714286,Barack Obama
1218.0,3.0,0.0,Barack Obama
1221.0,3.0,0.170731707317,Barack Obama
1224.0,3.0,0.176470588235,Barack Obama
1227.0,3.0,0.25,Barack Obama
1230.0,3.0,0.153846153846,Barack Obama
1233.0,3.0,0.293103448276,Barack Obama
1236.0,3.0,0.298245614035,Barack Obama
1239.0,3.0,0.385964912281,Barack Obama
1242.0,3.0,0.25,Barack Obama
1245.0,3.0,0.298245614035,Barack Obama
1248.0,3.0,0.411764705882,Barack Obama
1251.0,3.0,0.555555555556,Barack Obama
1254.0,3.0,0.444444444444,Barack Obama
1257.0,3.0,0.520833333333,Barack Obama
1260.0,3.0,0.0,Barack Obama
1263.0,3.0,0.259259259259,Barack Obama
1266.0,3.0,0.44,Barack Obama
1269.0,3.0,0.142857142857,Barack Obama
1272.0,3.0,0.09375,Barack Obama
1275.0,3.0,0.344827586207,Barack Obama
1278.0,3.0,0.384615384615,Barack Obama
1281.0,3.0,0.0,Barack Obama
1284.0,3.0,0.452380952381,Barack Obama
1287.0,3.0,0.0952380952381,Barack Obama
1290.0,3.0,0.109375,Barack Obama
1293.0,3.0,0.538461538462,Barack Obama
1296.0,3.0,0.0,Barack Obama
1299.0,3.0,0.222222222222,Barack Obama
1302.0,3.0,0.777777777778,Barack Obama
1305.0,3.0,0.390243902439,Barack Obama
1308.0,3.0,0.193548387097,Barack Obama
1311.0,3.0,0.166666666667,Barack Obama
1314.0,3.0,0.0909090909091,Barack Obama
1317.0,3.0,0.030303030303,Barack Obama
1320.0,3.0,0.0454545454545,Barack Obama
1323.0,3.0,0.41935483871,Barack Obama
1326.0,3.0,0.439024390244,Barack Obama
1329.0,3.0,0.0416666666667,Barack Obama
1332.0,3.0,0.09375,Barack Obama
1335.0,3.0,0.235294117647,Barack Obama
1338.0,3.0,0.5,Barack Obama
1341.0,3.0,0.193548387097,Barack Obama
1344.0,3.0,0.125,Barack Obama
1347.0,3.0,0.117647058824,Barack Obama
1350.0,3.0,0.384615384615,Barack Obama
1353.0,3.0,0.35,Barack Obama
1356.0,3.0,0.027027027027,Barack Obama
1359.0,3.0,0.151515151515,Barack Obama
1362.0,3.0,0.0645161290323,Barack Obama
1365.0,3.0,0.025,Barack Obama
1368.0,3.0,0.0263157894737,Barack Obama
1371.0,3.0,0.0,Barack Obama
1374.0,3.0,0.0277777777778,Barack Obama
1377.0,3.0,0.05,Barack Obama
1380.0,3.0,0.147058823529,Barack Obama
1383.0,3.0,0.037037037037,Barack Obama
1386.0,3.0,0.172413793103,Barack Obama
1389.0,3.0,0.025641025641,Barack Obama
1392.0,3.0,0.363636363636,Barack Obama
1395.0,3.0,0.260869565217,Barack Obama
1398.0,3.0,0.0,Barack Obama
1401.0,3.0,0.0,Barack Obama
1404.0,3.0,0.0,Barack Obama
1407.0,3.0,0.0,Barack Obama
1410.0,3.0,0.15625,Barack Obama
1413.0,3.0,0.375,Barack Obama
1416.0,3.0,0.114285714286,Barack Obama
1419.0,3.0,0.291666666667,Barack Obama
1422.0,3.0,0.28125,Barack Obama
1425.0,3.0,0.586206896552,Barack Obama
1428.0,3.0,0.0555555555556,Barack Obama
1431.0,3.0,0.0869565217391,Barack Obama
1434.0,3.0,0.159090909091,Barack Obama
1437.0,3.0,0.0571428571429,Barack Obama
1440.0,3.0,0.0416666666667,Barack Obama
1443.0,3.0,0.119047619048,Barack Obama
1446.0,3.0,0.11320754717,Barack Obama
1449.0,3.0,0.15,Barack Obama
1452.0,3.0,0.304347826087,Barack Obama
1455.0,3.0,0.415094339623,Barack Obama
1458.0,3.0,0.377777777778,Barack Obama
1461.0,3.0,0.260869565217,Barack Obama
1464.0,3.0,0.229508196721,Barack Obama
1467.0,3.0,0.237288135593,Barack Obama
1470.0,3.0,0.297297297297,Barack Obama
1473.0,3.0,0.0,Barack Obama
1476.0,3.0,0.375,Barack Obama
1479.0,3.0,0.264150943396,Barack Obama
1482.0,3.0,0.305555555556,Barack Obama
1485.0,3.0,0.184210526316,Barack Obama
1488.0,3.0,0.30303030303,Barack Obama
1491.0,3.0,0.452380952381,Barack Obama
1494.0,3.0,0.037037037037,Barack Obama
1497.0,3.0,0.046875,Barack Obama
1500.0,3.0,0.0212765957447,Barack Obama
1503.0,3.0,0.0,Barack Obama
1506.0,3.0,0.015625,Barack Obama
1509.0,3.0,0.109375,Barack Obama
1512.0,3.0,0.1875,Barack Obama
1515.0,3.0,0.0,Barack Obama
1518.0,3.0,0.0169491525424,Barack Obama
1521.0,3.0,0.046875,Barack Obama
1524.0,3.0,0.0,Barack Obama
1527.0,3.0,0.0882352941176,Barack Obama
1530.0,3.0,0.531914893617,Barack Obama
1533.0,3.0,0.333333333333,Barack Obama
1536.0,3.0,0.148148148148,Barack Obama
1539.0,3.0,0.0588235294118,Barack Obama
1542.0,3.0,0.0666666666667,Barack Obama
1545.0,3.0,0.0238095238095,Barack Obama
1548.0,3.0,0.0727272727273,Barack Obama
1551.0,3.0,0.037037037037,Barack Obama
1554.0,3.0,0.0689655172414,Barack Obama
1557.0,3.0,0.0571428571429,Barack Obama
1560.0,3.0,0.148148148148,Barack Obama
1563.0,3.0,0.027027027027,Barack Obama
1566.0,3.0,0.0526315789474,Barack Obama
1569.0,3.0,0.0833333333333,Barack Obama
1572.0,3.0,0.0909090909091,Barack Obama
1575.0,3.0,0.114285714286,Barack Obama
1578.0,3.0,0.111111111111,Barack Obama
1581.0,3.0,0.15,Barack Obama
1584.0,3.0,0.0714285714286,Barack Obama
1587.0,3.0,0.0555555555556,Barack Obama
1590.0,3.0,0.025641025641,Barack Obama
1593.0,3.0,0.0444444444444,Barack Obama
1596.0,3.0,0.0588235294118,Barack Obama
1599.0,3.0,0.0571428571429,Barack Obama
1602.0,3.0,0.113636363636,Barack Obama
1605.0,3.0,0.063829787234,Barack Obama
1608.0,3.0,0.0681818181818,Barack Obama
1611.0,3.0,0.0769230769231,Barack Obama
1614.0,3.0,0.06,Barack Obama
1617.0,3.0,0.25,Barack Obama
1620.0,3.0,0.047619047619,Barack Obama
1623.0,3.0,0.157894736842,Barack Obama
1626.0,3.0,0.0,Barack Obama
1629.0,3.0,0.0810810810811,Barack Obama
1632.0,3.0,0.0645161290323,Barack Obama
1635.0,3.0,0.103448275862,Barack Obama
1638.0,3.0,0.103448275862,Barack Obama
1641.0,3.0,0.313725490196,Barack Obama
1644.0,3.0,0.372549019608,Barack Obama
1647.0,3.0,0.388888888889,Barack Obama
1650.0,3.0,0.125,Barack Obama
1653.0,3.0,0.0487804878049,Barack Obama
1656.0,3.0,0.0975609756098,Barack Obama
1659.0,3.0,0.0512820512821,Barack Obama
1662.0,3.0,0.037037037037,Barack Obama
1665.0,3.0,0.104166666667,Barack Obama
1668.0,3.0,0.0540540540541,Barack Obama
1671.0,3.0,0.121951219512,Barack Obama
1674.0,3.0,0.030303030303,Barack Obama
1677.0,3.0,0.108108108108,Barack Obama
1680.0,3.0,0.0909090909091,Barack Obama
1683.0,3.0,0.0,Barack Obama
1686.0,3.0,0.0232558139535,Barack Obama
1689.0,3.0,0.0714285714286,Barack Obama
1692.0,3.0,0.0714285714286,Barack Obama
1695.0,3.0,0.0357142857143,Barack Obama
1698.0,3.0,0.186046511628,Barack Obama
1701.0,3.0,0.111111111111,Barack Obama
1704.0,3.0,0.184210526316,Barack Obama
1707.0,3.0,0.210526315789,Barack Obama
1710.0,3.0,0.09375,Barack Obama
1713.0,3.0,0.0645161290323,Barack Obama
1716.0,3.0,0.0666666666667,Barack Obama
1719.0,3.0,0.0689655172414,Barack Obama
1722.0,3.0,0.147058823529,Barack Obama
1725.0,3.0,0.130434782609,Barack Obama
1728.0,3.0,0.0847457627119,Barack Obama
1731.0,3.0,0.254901960784,Barack Obama
1734.0,3.0,0.290322580645,Barack Obama
1737.0,3.0,0.153846153846,Barack Obama
1740.0,3.0,0.0576923076923,Barack Obama
1743.0,3.0,0.0243902439024,Barack Obama
1746.0,3.0,0.03125,Barack Obama
1749.0,3.0,0.027027027027,Barack Obama
1752.0,3.0,0.0,Barack Obama
1755.0,3.0,0.05,Barack Obama
1758.0,3.0,0.162790697674,Barack Obama
1761.0,3.0,0.375,Barack Obama
1764.0,3.0,0.512195121951,Barack Obama
1767.0,3.0,0.454545454545,Barack Obama
1770.0,3.0,0.25,Barack Obama
1773.0,3.0,0.0588235294118,Barack Obama
1776.0,3.0,0.121951219512,Barack Obama
1779.0,3.0,0.387755102041,Barack Obama
1782.0,3.0,0.0740740740741,Barack Obama
1785.0,3.0,0.357142857143,Barack Obama
1788.0,3.0,0.375,Barack Obama
1791.0,3.0,0.265306122449,Barack Obama
1794.0,3.0,0.389830508475,Barack Obama
1797.0,3.0,0.305084745763,Barack Obama
1800.0,3.0,0.240740740741,Barack Obama
1803.0,3.0,0.333333333333,Barack Obama
1806.0,3.0,0.296296296296,Barack Obama
1809.0,3.0,0.253968253968,Barack Obama
1812.0,3.0,0.27868852459,Barack Obama
1815.0,3.0,0.228070175439,Barack Obama
1818.0,3.0,0.28125,Barack Obama
1821.0,3.0,0.391304347826,Barack Obama
1824.0,3.0,0.25,Barack Obama
1827.0,3.0,0.0,Barack Obama
1830.0,3.0,0.111111111111,Barack Obama
1833.0,3.0,0.171428571429,Barack Obama
1836.0,3.0,0.111111111111,Barack Obama
1839.0,3.0,0.152173913043,Barack Obama
1842.0,3.0,0.0606060606061,Barack Obama
1845.0,3.0,0.0952380952381,Barack Obama
1848.0,3.0,0.0571428571429,Barack Obama
1851.0,3.0,0.0526315789474,Barack Obama
1854.0,3.0,0.0681818181818,Barack Obama
1857.0,3.0,0.116279069767,Barack Obama
1860.0,3.0,0.0,Barack Obama
1863.0,3.0,0.0681818181818,Barack Obama
1866.0,3.0,0.333333333333,Barack Obama
1869.0,3.0,0.310344827586,Barack Obama
1872.0,3.0,0.171428571429,Barack Obama
1875.0,3.0,0.0975609756098,Barack Obama
1878.0,3.0,0.0217391304348,Barack Obama
1881.0,3.0,0.152173913043,Barack Obama
1884.0,3.0,0.108108108108,Barack Obama
1887.0,3.0,0.147058823529,Barack Obama
1890.0,3.0,0.0,Barack Obama
1893.0,3.0,0.19512195122,Barack Obama
1896.0,3.0,0.361111111111,Barack Obama
1899.0,3.0,0.309523809524,Barack Obama
1902.0,3.0,0.294117647059,Barack Obama
1905.0,3.0,0.347826086957,Barack Obama
1908.0,3.0,0.382352941176,Barack Obama
1911.0,3.0,0.294117647059,Barack Obama
1914.0,3.0,0.175,Barack Obama
1917.0,3.0,0.325581395349,Barack Obama
1920.0,3.0,0.295454545455,Barack Obama
1923.0,3.0,0.451612903226,Barack Obama
1926.0,3.0,0.0322580645161,Barack Obama
1929.0,3.0,0.0,Barack Obama
1932.0,3.0,0.117647058824,Barack Obama
1935.0,3.0,0.025641025641,Barack Obama
1938.0,3.0,0.137254901961,Barack Obama
1941.0,3.0,0.0285714285714,Barack Obama
1944.0,3.0,0.219512195122,Barack Obama
1947.0,3.0,0.0,Barack Obama
1950.0,3.0,0.0,Barack Obama
1953.0,3.0,0.0344827586207,Barack Obama
1956.0,3.0,0.0,Barack Obama
1959.0,3.0,0.113636363636,Barack Obama
1962.0,3.0,0.0526315789474,Barack Obama
1965.0,3.0,0.0243902439024,Barack Obama
1968.0,3.0,0.209302325581,Barack Obama
1971.0,3.0,0.142857142857,Barack Obama
1974.0,3.0,0.125,Barack Obama
1977.0,3.0,0.0508474576271,Barack Obama
1980.0,3.0,0.0344827586207,Barack Obama
1983.0,3.0,0.0731707317073,Barack Obama
1986.0,3.0,0.121951219512,Barack Obama
1989.0,3.0,0.0952380952381,Barack Obama
1992.0,3.0,0.181818181818,Barack Obama
1995.0,3.0,0.0,Barack Obama
1998.0,3.0,0.0,Barack Obama
2001.0,3.0,0.125,Barack Obama
2004.0,3.0,0.05,Barack Obama
2007.0,3.0,0.0,Barack Obama
2010.0,3.0,0.12,Barack Obama
2013.0,3.0,0.170731707317,Barack Obama
2016.0,3.0,0.0277777777778,Barack Obama
2019.0,3.0,0.0540540540541,Barack Obama
2022.0,3.0,0.25,Barack Obama
2025.0,3.0,0.0,Barack Obama
2028.0,3.0,0.0666666666667,Barack Obama
2031.0,3.0,0.093023255814,Barack Obama
2034.0,3.0,0.0,Barack Obama
2037.0,3.0,0.0714285714286,Barack Obama
2040.0,3.0,0.113636363636,Barack Obama
2043.0,3.0,0.125,Barack Obama
2046.0,3.0,0.093023255814,Barack Obama
2049.0,3.0,0.0967741935484,Barack Obama
2052.0,3.0,0.0,Barack Obama
2055.0,3.0,0.0238095238095,Barack Obama
2058.0,3.0,0.0,Barack Obama
2061.0,3.0,0.0377358490566,Barack Obama
2064.0,3.0,0.025641025641,Barack Obama
2067.0,3.0,0.211538461538,Barack Obama
2070.0,3.0,0.111111111111,Barack Obama
2073.0,3.0,0.0434782608696,Barack Obama
2076.0,3.0,0.0666666666667,Barack Obama
2079.0,3.0,0.108695652174,Barack Obama
2082.0,3.0,0.294117647059,Barack Obama
2085.0,3.0,0.148148148148,Barack Obama
2088.0,3.0,0.0645161290323,Barack Obama
2091.0,3.0,0.025,Barack Obama
2094.0,3.0,0.222222222222,Barack Obama
2097.0,3.0,0.102564102564,Barack Obama
2100.0,3.0,0.285714285714,Barack Obama
2103.0,3.0,0.2,Barack Obama
2106.0,3.0,0.555555555556,Barack Obama
2109.0,3.0,0.173913043478,Barack Obama
2112.0,3.0,0.14,Barack Obama
2115.0,3.0,0.315789473684,Barack Obama
2118.0,3.0,0.0,Barack Obama
2121.0,3.0,0.114285714286,Barack Obama
2124.0,3.0,0.166666666667,Barack Obama
2127.0,3.0,0.166666666667,Barack Obama
2130.0,3.0,0.133333333333,Barack Obama
2133.0,3.0,0.234042553191,Barack Obama
2136.0,3.0,0.416666666667,Barack Obama
2139.0,3.0,0.3,Barack Obama
2142.0,3.0,0.15,Barack Obama
2145.0,3.0,0.136363636364,Barack Obama
2148.0,3.0,0.176470588235,Barack Obama
2151.0,3.0,0.181818181818,Barack Obama
2154.0,3.0,0.266666666667,Barack Obama
2157.0,3.0,0.36,Barack Obama
2160.0,3.0,0.175,Barack Obama
2163.0,3.0,0.285714285714,Barack Obama
2166.0,3.0,0.368421052632,Barack Obama
2169.0,3.0,0.257142857143,Barack Obama
2172.0,3.0,0.22,Barack Obama
2175.0,3.0,0.316666666667,Barack Obama
2178.0,3.0,0.162162162162,Barack Obama
2181.0,3.0,0.277777777778,Barack Obama
2184.0,3.0,0.235294117647,Barack Obama
2187.0,3.0,0.0810810810811,Barack Obama
2190.0,3.0,0.5,Barack Obama
2193.0,3.0,0.210526315789,Barack Obama
2196.0,3.0,0.114285714286,Barack Obama
2199.0,3.0,0.529411764706,Barack Obama
2202.0,3.0,0.323529411765,Barack Obama
2205.0,3.0,0.24,Barack Obama
2208.0,3.0,0.307692307692,Barack Obama
2211.0,3.0,0.186046511628,Barack Obama
2214.0,3.0,0.0540540540541,Barack Obama
2217.0,3.0,0.392857142857,Barack Obama
2220.0,3.0,0.358974358974,Barack Obama
2223.0,3.0,0.4375,Barack Obama
2226.0,3.0,0.325581395349,Barack Obama
2229.0,3.0,0.317073170732,Barack Obama
2232.0,3.0,0.105263157895,Barack Obama
2235.0,3.0,0.25,Barack Obama
2238.0,3.0,0.44,Barack Obama
2241.0,3.0,0.40625,Barack Obama
2244.0,3.0,0.0769230769231,Barack Obama
2247.0,3.0,0.178571428571,Barack Obama
2250.0,3.0,0.0666666666667,Barack Obama
2253.0,3.0,0.148936170213,Barack Obama
2256.0,3.0,0.196428571429,Barack Obama
2259.0,3.0,0.28,Barack Obama
2262.0,3.0,0.346153846154,Barack Obama
2265.0,3.0,0.282051282051,Barack Obama
2268.0,3.0,0.483870967742,Barack Obama
2271.0,3.0,0.193548387097,Barack Obama
2274.0,3.0,0.277777777778,Barack Obama
2277.0,3.0,0.266666666667,Barack Obama
2280.0,3.0,0.183673469388,Barack Obama
2283.0,3.0,0.386363636364,Barack Obama
2286.0,3.0,0.242424242424,Barack Obama
2289.0,3.0,0.162162162162,Barack Obama
2292.0,3.0,0.25641025641,Barack Obama
2295.0,3.0,0.156862745098,Barack Obama
2298.0,3.0,0.0769230769231,Barack Obama
2301.0,3.0,0.0,Barack Obama
2304.0,3.0,0.269230769231,Barack Obama
2307.0,3.0,0.0,Barack Obama
2310.0,3.0,0.103448275862,Barack Obama
2313.0,3.0,0.03125,Barack Obama
2316.0,3.0,0.105263157895,Barack Obama
2319.0,3.0,0.125,Barack Obama
2322.0,3.0,0.238095238095,Barack Obama
2325.0,3.0,0.04,Barack Obama
2328.0,3.0,0.0,Barack Obama
2331.0,3.0,0.0444444444444,Barack Obama
2334.0,3.0,0.0,Barack Obama
2337.0,3.0,0.0,Barack Obama
2340.0,3.0,0.176470588235,Barack Obama
2343.0,3.0,0.173913043478,Barack Obama
2346.0,3.0,0.0,Barack Obama
2349.0,3.0,0.0909090909091,Barack Obama
2352.0,3.0,0.027027027027,Barack Obama
2355.0,3.0,0.037037037037,Barack Obama
2358.0,3.0,0.185185185185,Barack Obama
2361.0,3.0,0.030303030303,Barack Obama
2364.0,3.0,0.0263157894737,Barack Obama
2367.0,3.0,0.0,Barack Obama
2370.0,3.0,0.121212121212,Barack Obama
2373.0,3.0,0.0,Barack Obama
2376.0,3.0,0.142857142857,Barack Obama
2379.0,3.0,0.0909090909091,Barack Obama
2382.0,3.0,0.0714285714286,Barack Obama
2385.0,3.0,0.116279069767,Barack Obama
2388.0,3.0,0.166666666667,Barack Obama
2391.0,3.0,0.047619047619,Barack Obama
2394.0,3.0,0.0697674418605,Barack Obama
2397.0,3.0,0.0666666666667,Barack Obama
2400.0,3.0,0.0645161290323,Barack Obama
2403.0,3.0,0.0344827586207,Barack Obama
2406.0,3.0,0.0833333333333,Barack Obama
2409.0,3.0,0.0,Barack Obama
2412.0,3.0,0.193548387097,Barack Obama
2415.0,3.0,0.238095238095,Barack Obama
2418.0,3.0,0.0,Barack Obama
2421.0,3.0,0.297297297297,Barack Obama
2424.0,3.0,0.179487179487,Barack Obama
2427.0,3.0,0.176470588235,Barack Obama
2430.0,3.0,0.0625,Barack Obama
2433.0,3.0,0.0,Barack Obama
2436.0,3.0,0.0731707317073,Barack Obama
2439.0,3.0,0.0540540540541,Barack Obama
2442.0,3.0,0.15,Barack Obama
2445.0,3.0,0.0,Barack Obama
2448.0,3.0,0.111111111111,Barack Obama
2451.0,3.0,0.0285714285714,Barack Obama
2454.0,3.0,0.0,Barack Obama
2457.0,3.0,0.0769230769231,Barack Obama
2460.0,3.0,0.0,Barack Obama
2463.0,3.0,0.12,Barack Obama
2466.0,3.0,0.03125,Barack Obama
2469.0,3.0,0.0,Barack Obama
2472.0,3.0,0.0277777777778,Barack Obama
2475.0,3.0,0.111111111111,Barack Obama
2478.0,3.0,0.0555555555556,Barack Obama
2481.0,3.0,0.0217391304348,Barack Obama
2484.0,3.0,0.0588235294118,Barack Obama
2487.0,3.0,0.105263157895,Barack Obama
2490.0,3.0,0.296296296296,Barack Obama
2493.0,3.0,0.025,Barack Obama
2496.0,3.0,0.0357142857143,Barack Obama
2499.0,3.0,0.0238095238095,Barack Obama
2502.0,3.0,0.0666666666667,Barack Obama
2505.0,3.0,0.0217391304348,Barack Obama
2508.0,3.0,0.0208333333333,Barack Obama
2511.0,3.0,0.119047619048,Barack Obama
2514.0,3.0,0.0322580645161,Barack Obama
2517.0,3.0,0.0697674418605,Barack Obama
2520.0,3.0,0.0,Barack Obama
2523.0,3.0,0.117647058824,Barack Obama
2526.0,3.0,0.0,Barack Obama
2529.0,3.0,0.131578947368,Barack Obama
2532.0,3.0,0.0277777777778,Barack Obama
2535.0,3.0,0.0,Barack Obama
2538.0,3.0,0.047619047619,Barack Obama
2541.0,3.0,0.027027027027,Barack Obama
2544.0,3.0,0.151515151515,Barack Obama
2547.0,3.0,0.107142857143,Barack Obama
2550.0,3.0,0.0454545454545,Barack Obama
2553.0,3.0,0.0967741935484,Barack Obama
2556.0,3.0,0.12,Barack Obama
2559.0,3.0,0.0714285714286,Barack Obama
2562.0,3.0,0.142857142857,Barack Obama
2565.0,3.0,0.15,Barack Obama
2568.0,3.0,0.181818181818,Barack Obama
2571.0,3.0,0.025,Barack Obama
2574.0,3.0,0.230769230769,Barack Obama
2577.0,3.0,0.111111111111,Barack Obama
2580.0,3.0,0.125,Barack Obama
2583.0,3.0,0.15625,Barack Obama
2586.0,3.0,0.0,Barack Obama
2589.0,3.0,0.12,Barack Obama
2592.0,3.0,0.04,Barack Obama
2595.0,3.0,0.0810810810811,Barack Obama
2598.0,3.0,0.0714285714286,Barack Obama
2601.0,3.0,0.0666666666667,Barack Obama
2604.0,3.0,0.0731707317073,Barack Obama
2607.0,3.0,0.0,Barack Obama
2610.0,3.0,0.04,Barack Obama
2613.0,3.0,0.030303030303,Barack Obama
2616.0,3.0,0.0294117647059,Barack Obama
2619.0,3.0,0.0540540540541,Barack Obama
2622.0,3.0,0.0425531914894,Barack Obama
2625.0,3.0,0.25,Barack Obama
2628.0,3.0,0.142857142857,Barack Obama
2631.0,3.0,0.0444444444444,Barack Obama
2634.0,3.0,0.0,Barack Obama
2637.0,3.0,0.333333333333,Barack Obama
2640.0,3.0,0.0555555555556,Barack Obama
2643.0,3.0,0.0444444444444,Barack Obama
2646.0,3.0,0.03125,Barack Obama
2649.0,3.0,0.0666666666667,Barack Obama
2652.0,3.0,0.2,Barack Obama
2655.0,3.0,0.40625,Barack Obama
2658.0,3.0,0.304347826087,Barack Obama
2661.0,3.0,0.178571428571,Barack Obama
2664.0,3.0,0.454545454545,Barack Obama
2667.0,3.0,0.3,Barack Obama
2670.0,3.0,0.107142857143,Barack Obama
2673.0,3.0,0.173913043478,Barack Obama
2676.0,3.0,0.209302325581,Barack Obama
2679.0,3.0,0.075,Barack Obama
2682.0,3.0,0.282051282051,Barack Obama
2685.0,3.0,0.211538461538,Barack Obama
2688.0,3.0,0.30303030303,Barack Obama
2691.0,3.0,0.181818181818,Barack Obama
2694.0,3.0,0.423076923077,Barack Obama
2697.0,3.0,0.111111111111,Barack Obama
2700.0,3.0,0.333333333333,Barack Obama
2703.0,3.0,0.0769230769231,Barack Obama
2706.0,3.0,0.290322580645,Barack Obama
2709.0,3.0,0.448275862069,Barack Obama
2712.0,3.0,0.425,Barack Obama
2715.0,3.0,0.194444444444,Barack Obama
2718.0,3.0,0.25,Barack Obama
2721.0,3.0,0.142857142857,Barack Obama
2724.0,3.0,0.116279069767,Barack Obama
2727.0,3.0,0.0357142857143,Barack Obama
2730.0,3.0,0.233333333333,Barack Obama
2733.0,3.0,0.15,Barack Obama
2736.0,3.0,0.0384615384615,Barack Obama
2739.0,3.0,0.15625,Barack Obama
2742.0,3.0,0.3,Barack Obama
2745.0,3.0,0.169811320755,Barack Obama
2748.0,3.0,0.193548387097,Barack Obama
2751.0,3.0,0.296296296296,Barack Obama
2754.0,3.0,0.4,Barack Obama
2757.0,3.0,0.212121212121,Barack Obama
2760.0,3.0,0.148936170213,Barack Obama
2763.0,3.0,0.0,Barack Obama
2766.0,3.0,0.166666666667,Barack Obama
2769.0,3.0,0.181818181818,Barack Obama
2772.0,3.0,0.121212121212,Barack Obama
2775.0,3.0,0.212121212121,Barack Obama
2778.0,3.0,0.0666666666667,Barack Obama
2781.0,3.0,0.3125,Barack Obama
2784.0,3.0,0.1,Barack Obama
2787.0,3.0,0.0,Barack Obama
2790.0,3.0,0.3,Barack Obama
2793.0,3.0,0.333333333333,Barack Obama
2796.0,3.0,0.162162162162,Barack Obama
2799.0,3.0,0.129032258065,Barack Obama
2802.0,3.0,0.136363636364,Barack Obama
2805.0,3.0,0.191489361702,Barack Obama
2808.0,3.0,0.263157894737,Barack Obama
2811.0,3.0,0.378378378378,Barack Obama
2814.0,3.0,0.0294117647059,Barack Obama
2817.0,3.0,0.106382978723,Barack Obama
2820.0,3.0,0.0833333333333,Barack Obama
2823.0,3.0,0.0952380952381,Barack Obama
2826.0,3.0,0.205128205128,Barack Obama
2829.0,3.0,0.128205128205,Barack Obama
2832.0,3.0,0.0689655172414,Barack Obama
2835.0,3.0,0.185185185185,Barack Obama
2838.0,3.0,0.111111111111,Barack Obama
2841.0,3.0,0.114285714286,Barack Obama
2844.0,3.0,0.0689655172414,Barack Obama
2847.0,3.0,0.243243243243,Barack Obama
2850.0,3.0,0.212121212121,Barack Obama
2853.0,3.0,0.0294117647059,Barack Obama
2856.0,3.0,0.268292682927,Barack Obama
2859.0,3.0,0.222222222222,Barack Obama
2862.0,3.0,0.0333333333333,Barack Obama
2865.0,3.0,0.146341463415,Barack Obama
2868.0,3.0,0.136363636364,Barack Obama
2871.0,3.0,0.111111111111,Barack Obama
2874.0,3.0,0.0833333333333,Barack Obama
2877.0,3.0,0.0833333333333,Barack Obama
2880.0,3.0,0.235294117647,Barack Obama
2883.0,3.0,0.142857142857,Barack Obama
2886.0,3.0,0.0,Barack Obama
2889.0,3.0,0.314285714286,Barack Obama
2892.0,3.0,0.269230769231,Barack Obama
2895.0,3.0,0.25,Barack Obama
2898.0,3.0,0.297872340426,Barack Obama
2901.0,3.0,0.0,Barack Obama
2904.0,3.0,0.114285714286,Barack Obama
2907.0,3.0,0.0285714285714,Barack Obama
2910.0,3.0,0.0285714285714,Barack Obama
2913.0,3.0,0.0606060606061,Barack Obama
2916.0,3.0,0.1875,Barack Obama
2919.0,3.0,0.0333333333333,Barack Obama
2922.0,3.0,0.03125,Barack Obama
2925.0,3.0,0.25,Barack Obama
2928.0,3.0,0.166666666667,Barack Obama
2931.0,3.0,0.027027027027,Barack Obama
2934.0,3.0,0.1,Barack Obama
2937.0,3.0,0.0285714285714,Barack Obama
2940.0,3.0,0.136363636364,Barack Obama
2943.0,3.0,0.0,Barack Obama
2946.0,3.0,0.0625,Barack Obama
2949.0,3.0,0.0,Barack Obama
2952.0,3.0,0.0,Barack Obama
2955.0,3.0,0.16,Barack Obama
2958.0,3.0,0.0,Barack Obama
2961.0,3.0,0.0,Barack Obama
2964.0,3.0,0.047619047619,Barack Obama
2967.0,3.0,0.0322580645161,Barack Obama
2970.0,3.0,0.2,Barack Obama
2973.0,3.0,0.242424242424,Barack Obama
2976.0,3.0,0.189189189189,Barack Obama
2979.0,3.0,0.0540540540541,Barack Obama
2982.0,3.0,0.260869565217,Barack Obama
2985.0,3.0,0.0689655172414,Barack Obama
2988.0,3.0,0.166666666667,Barack Obama
2991.0,3.0,0.333333333333,Barack Obama
2994.0,3.0,0.0714285714286,Barack Obama
2997.0,3.0,0.212121212121,Barack Obama
3000.0,3.0,0.0714285714286,Barack Obama
3003.0,3.0,0.0810810810811,Barack Obama
3006.0,3.0,0.09375,Barack Obama
3009.0,3.0,0.027027027027,Barack Obama
3012.0,3.0,0.184210526316,Barack Obama
3015.0,3.0,0.0,Barack Obama
3018.0,3.0,0.0731707317073,Barack Obama
3021.0,3.0,0.03125,Barack Obama
3024.0,3.0,0.0857142857143,Barack Obama
3027.0,3.0,0.0857142857143,Barack Obama
3030.0,3.0,0.230769230769,Barack Obama
3033.0,3.0,0.0952380952381,Barack Obama
3036.0,3.0,0.0294117647059,Barack Obama
3039.0,3.0,0.08,Barack Obama
3042.0,3.0,0.107142857143,Barack Obama
3045.0,3.0,0.222222222222,Barack Obama
3048.0,3.0,0.0967741935484,Barack Obama
3051.0,3.0,0.0888888888889,Barack Obama
3054.0,3.0,0.05,Barack Obama
3057.0,3.0,0.178571428571,Barack Obama
3060.0,3.0,0.0810810810811,Barack Obama
3063.0,3.0,0.326530612245,Barack Obama
3066.0,3.0,0.0208333333333,Barack Obama
3069.0,3.0,0.0222222222222,Barack Obama
3072.0,3.0,0.0,Barack Obama
3075.0,3.0,0.05,Barack Obama
3078.0,3.0,0.145833333333,Barack Obama
3081.0,3.0,0.142857142857,Barack Obama
3084.0,3.0,0.325581395349,Barack Obama
3087.0,3.0,0.111111111111,Barack Obama
3090.0,3.0,0.102040816327,Barack Obama
3093.0,3.0,0.0344827586207,Barack Obama
3096.0,3.0,0.264705882353,Barack Obama
3099.0,3.0,0.121212121212,Barack Obama
3102.0,3.0,0.2,Barack Obama
3105.0,3.0,0.0,Barack Obama
3108.0,3.0,0.0975609756098,Barack Obama
3111.0,3.0,0.148936170213,Barack Obama
3114.0,3.0,0.263157894737,Barack Obama
3117.0,3.0,0.117647058824,Barack Obama
3120.0,3.0,0.444444444444,Barack Obama
3123.0,3.0,0.346153846154,Barack Obama
3126.0,3.0,0.166666666667,Barack Obama
3129.0,3.0,0.292682926829,Barack Obama
3132.0,3.0,0.177419354839,Barack Obama
3135.0,3.0,0.484375,Barack Obama
3138.0,3.0,0.451612903226,Barack Obama
3141.0,3.0,0.0,Barack Obama
3144.0,3.0,0.379310344828,Barack Obama
3147.0,3.0,0.444444444444,Barack Obama
3150.0,3.0,0.375,Barack Obama
3153.0,3.0,0.546875,Barack Obama
3156.0,3.0,0.53125,Barack Obama
3159.0,3.0,0.0,Barack Obama
3162.0,3.0,0.383333333333,Barack Obama
3165.0,3.0,0.239130434783,Barack Obama
3168.0,3.0,0.457627118644,Barack Obama
3171.0,3.0,0.0,Barack Obama
3174.0,3.0,0.466666666667,Barack Obama
3177.0,3.0,0.484375,Barack Obama
3180.0,3.0,0.407407407407,Barack Obama
3183.0,3.0,0.448275862069,Barack Obama
3186.0,3.0,0.34693877551,Barack Obama
3189.0,3.0,0.0,Barack Obama
3192.0,3.0,0.409836065574,Barack Obama
3195.0,3.0,0.0,Barack Obama
3198.0,3.0,0.0,Barack Obama
3201.0,3.0,0.222222222222,Barack Obama
3204.0,3.0,0.333333333333,Barack Obama
3207.0,3.0,0.0,Barack Obama
3210.0,3.0,0.0,Barack Obama
3213.0,3.0,0.0,Barack Obama
3216.0,3.0,0.409836065574,Barack Obama
3219.0,3.0,0.0,Barack Obama
3222.0,3.0,0.0,Barack Obama
3225.0,3.0,0.0,Barack Obama
3228.0,3.0,0.393442622951,Barack Obama
3231.0,3.0,0.4,Barack Obama
3234.0,3.0,0.235294117647,Barack Obama
3237.0,3.0,0.28125,Barack Obama
3240.0,3.0,0.510638297872,Barack Obama
3243.0,3.0,0.0,Barack Obama
3246.0,3.0,0.439024390244,Barack Obama
3249.0,3.0,0.368421052632,Barack Obama
3252.0,3.0,0.0,Barack Obama
3255.0,3.0,0.0,Barack Obama
3258.0,3.0,0.583333333333,Barack Obama
3261.0,3.0,0.393939393939,Barack Obama
3264.0,3.0,0.66,Barack Obama
3267.0,3.0,0.338983050847,Barack Obama
3270.0,3.0,0.162162162162,Barack Obama
3273.0,3.0,0.509090909091,Barack Obama
3276.0,3.0,0.0,Barack Obama
3279.0,3.0,0.0,Barack Obama
3282.0,3.0,0.43137254902,Barack Obama
3285.0,3.0,0.266666666667,Barack Obama
3288.0,3.0,0.40625,Barack Obama
3291.0,3.0,0.362068965517,Barack Obama
3294.0,3.0,0.292682926829,Barack Obama
3297.0,3.0,0.230769230769,Barack Obama
3300.0,3.0,0.214285714286,Barack Obama
3303.0,3.0,0.333333333333,Barack Obama
3306.0,3.0,0.0731707317073,Barack Obama
3309.0,3.0,0.25,Barack Obama
3312.0,3.0,0.0526315789474,Barack Obama
3315.0,3.0,0.0769230769231,Barack Obama
3318.0,3.0,0.0952380952381,Barack Obama
3321.0,3.0,0.0,Barack Obama
3324.0,3.0,0.129032258065,Barack Obama
3327.0,3.0,0.0,Barack Obama
3330.0,3.0,0.279069767442,Barack Obama
3333.0,3.0,0.0,Barack Obama
3336.0,3.0,0.0740740740741,Barack Obama
3339.0,3.0,0.0810810810811,Barack Obama
3342.0,3.0,0.0588235294118,Barack Obama
3345.0,3.0,0.0714285714286,Barack Obama
3348.0,3.0,0.0526315789474,Barack Obama
3351.0,3.0,0.0526315789474,Barack Obama
3354.0,3.0,0.0714285714286,Barack Obama
3357.0,3.0,0.3,Barack Obama
3360.0,3.0,0.107142857143,Barack Obama
3363.0,3.0,0.111111111111,Barack Obama
3369.0,3.0,0.0,Barack Obama
3372.0,3.0,0.125,Barack Obama
3375.0,3.0,0.173913043478,Barack Obama
3378.0,3.0,0.148148148148,Barack Obama
3381.0,3.0,0.166666666667,Barack Obama
3384.0,3.0,0.380952380952,Barack Obama
3387.0,3.0,0.2,Barack Obama
3390.0,3.0,0.0,Barack Obama
3393.0,3.0,0.434782608696,Barack Obama
3396.0,3.0,0.0714285714286,Barack Obama
3399.0,3.0,0.0689655172414,Barack Obama
3402.0,3.0,0.0454545454545,Barack Obama
3405.0,3.0,0.137931034483,Barack Obama
3408.0,3.0,0.0,Barack Obama
3411.0,3.0,0.0344827586207,Barack Obama
3414.0,3.0,0.282051282051,Barack Obama
3417.0,3.0,0.0555555555556,Barack Obama
3420.0,3.0,0.0333333333333,Barack Obama
3423.0,3.0,0.05,Barack Obama
3426.0,3.0,0.0243902439024,Barack Obama
3429.0,3.0,0.142857142857,Barack Obama
3432.0,3.0,0.0227272727273,Barack Obama
3435.0,3.0,0.222222222222,Barack Obama
3438.0,3.0,0.242424242424,Barack Obama
3441.0,3.0,0.323529411765,Barack Obama
3444.0,3.0,0.0857142857143,Barack Obama
3447.0,3.0,0.0,Barack Obama
3450.0,3.0,0.107142857143,Barack Obama
3453.0,3.0,0.0,Barack Obama
3456.0,3.0,0.0,Barack Obama
3459.0,3.0,0.142857142857,Barack Obama
3462.0,3.0,0.0217391304348,Barack Obama
3465.0,3.0,0.0967741935484,Barack Obama
3468.0,3.0,0.217391304348,Barack Obama
3471.0,3.0,0.0487804878049,Barack Obama
3474.0,3.0,0.0689655172414,Barack Obama
3477.0,3.0,0.142857142857,Barack Obama
3480.0,3.0,0.117647058824,Barack Obama
3483.0,3.0,0.170731707317,Barack Obama
3486.0,3.0,0.326086956522,Barack Obama
3489.0,3.0,0.111111111111,Barack Obama
3492.0,3.0,0.172413793103,Barack Obama
3495.0,3.0,0.1,Barack Obama
3498.0,3.0,0.169811320755,Barack Obama
3501.0,3.0,0.41935483871,Barack Obama
3504.0,3.0,0.194444444444,Barack Obama
3507.0,3.0,0.366666666667,Barack Obama
3510.0,3.0,0.0,Barack Obama
3513.0,3.0,0.0344827586207,Barack Obama
3516.0,3.0,0.208333333333,Barack Obama
3519.0,3.0,0.136363636364,Barack Obama
3522.0,3.0,0.190476190476,Barack Obama
3525.0,3.0,0.162790697674,Barack Obama
3528.0,3.0,0.166666666667,Barack Obama
3531.0,3.0,0.257142857143,Barack Obama
3534.0,3.0,0.151515151515,Barack Obama
3537.0,3.0,0.0689655172414,Barack Obama
3540.0,3.0,0.282051282051,Barack Obama
3543.0,3.0,0.125,Barack Obama
3546.0,3.0,0.204081632653,Barack Obama
3549.0,3.0,0.137931034483,Barack Obama
3552.0,3.0,0.19512195122,Barack Obama
3555.0,3.0,0.0,Barack Obama
3558.0,3.0,0.0,Barack Obama
3561.0,3.0,0.111111111111,Barack Obama
3564.0,3.0,0.2,Barack Obama
3567.0,3.0,0.3,Barack Obama
3570.0,3.0,0.2,Barack Obama
3573.0,3.0,0.142857142857,Barack Obama
3576.0,3.0,0.0,Barack Obama
3579.0,3.0,0.0,Barack Obama
3582.0,3.0,0.318181818182,Barack Obama
3585.0,3.0,0.5,Barack Obama
3588.0,3.0,0.162790697674,Barack Obama
3591.0,3.0,0.0526315789474,Barack Obama
3594.0,3.0,0.15,Barack Obama
3597.0,3.0,0.117647058824,Barack Obama
3600.0,3.0,0.12,Barack Obama
3603.0,3.0,0.0909090909091,Barack Obama
3606.0,3.0,0.111111111111,Barack Obama
3609.0,3.0,0.133333333333,Barack Obama
3612.0,3.0,0.03125,Barack Obama
3615.0,3.0,0.217391304348,Barack Obama
3618.0,3.0,0.0909090909091,Barack Obama
3621.0,3.0,0.0357142857143,Barack Obama
3624.0,3.0,0.0555555555556,Barack Obama
3627.0,3.0,0.0333333333333,Barack Obama
3630.0,3.0,0.294117647059,Barack Obama
3633.0,3.0,0.137931034483,Barack Obama
3636.0,3.0,0.282051282051,Barack Obama
3639.0,3.0,0.142857142857,Barack Obama
3642.0,3.0,0.111111111111,Barack Obama
3645.0,3.0,0.0526315789474,Barack Obama
3648.0,3.0,0.0540540540541,Barack Obama
3651.0,3.0,0.1,Barack Obama
3654.0,3.0,0.25,Barack Obama
3657.0,3.0,0.0526315789474,Barack Obama
3660.0,3.0,0.2,Barack Obama
3663.0,3.0,0.216216216216,Barack Obama
3666.0,3.0,0.513513513514,Barack Obama
3669.0,3.0,0.205882352941,Barack Obama
3672.0,3.0,0.142857142857,Barack Obama
3675.0,3.0,0.285714285714,Barack Obama
3678.0,3.0,0.145833333333,Barack Obama
3681.0,3.0,0.225806451613,Barack Obama
3684.0,3.0,0.205128205128,Barack Obama
3687.0,3.0,0.0909090909091,Barack Obama
3690.0,3.0,0.142857142857,Barack Obama
3693.0,3.0,0.15625,Barack Obama
3696.0,3.0,0.157894736842,Barack Obama
3699.0,3.0,0.190476190476,Barack Obama
3702.0,3.0,0.0697674418605,Barack Obama
3705.0,3.0,0.242424242424,Barack Obama
3708.0,3.0,0.179487179487,Barack Obama
3711.0,3.0,0.0416666666667,Barack Obama
3714.0,3.0,0.0434782608696,Barack Obama
3717.0,3.0,0.243243243243,Barack Obama
3720.0,3.0,0.2,Barack Obama
3723.0,3.0,0.0434782608696,Barack Obama
3726.0,3.0,0.277777777778,Barack Obama
3729.0,3.0,0.15625,Barack Obama
3732.0,3.0,0.0,Barack Obama
3735.0,3.0,0.0,Barack Obama
3738.0,3.0,0.0,Barack Obama
3741.0,3.0,0.0810810810811,Barack Obama
3744.0,3.0,0.0833333333333,Barack Obama
3747.0,3.0,0.0869565217391,Barack Obama
3750.0,3.0,0.184210526316,Barack Obama
3753.0,3.0,0.0645161290323,Barack Obama
3756.0,3.0,0.0588235294118,Barack Obama
3759.0,3.0,0.19512195122,Barack Obama
3762.0,3.0,0.222222222222,Barack Obama
3765.0,3.0,0.0625,Barack Obama
3768.0,3.0,0.0588235294118,Barack Obama
3771.0,3.0,0.0,Barack Obama
3774.0,3.0,0.266666666667,Barack Obama
3777.0,3.0,0.147058823529,Barack Obama
3780.0,3.0,0.208333333333,Barack Obama
3783.0,3.0,0.242424242424,Barack Obama
3786.0,3.0,0.2,Barack Obama
3789.0,3.0,0.285714285714,Barack Obama
3792.0,3.0,0.0869565217391,Barack Obama
3795.0,3.0,0.0,Barack Obama
