3.0,3.0,0.0,Barack Obama
6.0,3.0,0.047619047619,Barack Obama
9.0,3.0,0.0217391304348,Barack Obama
12.0,3.0,0.0294117647059,Barack Obama
15.0,3.0,0.0222222222222,Barack Obama
18.0,3.0,0.111111111111,Barack Obama
21.0,3.0,0.106382978723,Barack Obama
24.0,3.0,0.0,Barack Obama
27.0,3.0,0.0952380952381,Barack Obama
30.0,3.0,0.0,Barack Obama
33.0,3.0,0.0731707317073,Barack Obama
36.0,3.0,0.176470588235,Barack Obama
39.0,3.0,0.0571428571429,Barack Obama
42.0,3.0,0.166666666667,Barack Obama
45.0,3.0,0.16,Barack Obama
48.0,3.0,0.0576923076923,Barack Obama
51.0,3.0,0.0277777777778,Barack Obama
54.0,3.0,0.0555555555556,Barack Obama
57.0,3.0,0.046511627907,Barack Obama
60.0,3.0,0.025,Barack Obama
63.0,3.0,0.0,Barack Obama
66.0,3.0,0.0175438596491,Barack Obama
69.0,3.0,0.0571428571429,Barack Obama
72.0,3.0,0.105263157895,Barack Obama
75.0,3.0,0.0222222222222,Barack Obama
78.0,3.0,0.0232558139535,Barack Obama
81.0,3.0,0.0535714285714,Barack Obama
84.0,3.0,0.190476190476,Barack Obama
87.0,3.0,0.12962962963,Barack Obama
90.0,3.0,0.047619047619,Barack Obama
93.0,3.0,0.063829787234,Barack Obama
96.0,3.0,0.025,Barack Obama
99.0,3.0,0.0208333333333,Barack Obama
102.0,3.0,0.0232558139535,Barack Obama
105.0,3.0,0.212765957447,Barack Obama
108.0,3.0,0.189189189189,Barack Obama
111.0,3.0,0.0512820512821,Barack Obama
114.0,3.0,0.0508474576271,Barack Obama
117.0,3.0,0.117647058824,Barack Obama
120.0,3.0,0.145833333333,Barack Obama
123.0,3.0,0.0526315789474,Barack Obama
126.0,3.0,0.0232558139535,Barack Obama
129.0,3.0,0.0833333333333,Barack Obama
132.0,3.0,0.0769230769231,Barack Obama
135.0,3.0,0.146341463415,Barack Obama
138.0,3.0,0.0363636363636,Barack Obama
141.0,3.0,0.125,Barack Obama
144.0,3.0,0.210526315789,Barack Obama
147.0,3.0,0.14,Barack Obama
150.0,3.0,0.0416666666667,Barack Obama
153.0,3.0,0.166666666667,Barack Obama
156.0,3.0,0.0952380952381,Barack Obama
159.0,3.0,0.236363636364,Barack Obama
162.0,3.0,0.259259259259,Barack Obama
165.0,3.0,0.178571428571,Barack Obama
168.0,3.0,0.0,Barack Obama
171.0,3.0,0.241379310345,Barack Obama
174.0,3.0,0.0909090909091,Barack Obama
177.0,3.0,0.0576923076923,Barack Obama
180.0,3.0,0.0243902439024,Barack Obama
183.0,3.0,0.037037037037,Barack Obama
186.0,3.0,0.0571428571429,Barack Obama
189.0,3.0,0.0731707317073,Barack Obama
192.0,3.0,0.294117647059,Barack Obama
195.0,3.0,0.288888888889,Barack Obama
198.0,3.0,0.0555555555556,Barack Obama
201.0,3.0,0.02,Barack Obama
204.0,3.0,0.025,Barack Obama
207.0,3.0,0.207547169811,Barack Obama
210.0,3.0,0.0740740740741,Barack Obama
213.0,3.0,0.0769230769231,Barack Obama
216.0,3.0,0.382978723404,Barack Obama
219.0,3.0,0.0888888888889,Barack Obama
222.0,3.0,0.116666666667,Barack Obama
225.0,3.0,0.047619047619,Barack Obama
228.0,3.0,0.078431372549,Barack Obama
231.0,3.0,0.113636363636,Barack Obama
234.0,3.0,0.139534883721,Barack Obama
237.0,3.0,0.0,Barack Obama
240.0,3.0,0.125,Barack Obama
243.0,3.0,0.0714285714286,Barack Obama
246.0,3.0,0.243243243243,Barack Obama
249.0,3.0,0.0540540540541,Barack Obama
252.0,3.0,0.121951219512,Barack Obama
255.0,3.0,0.219512195122,Barack Obama
258.0,3.0,0.318181818182,Barack Obama
261.0,3.0,0.116666666667,Barack Obama
264.0,3.0,0.234042553191,Barack Obama
267.0,3.0,0.106382978723,Barack Obama
270.0,3.0,0.155555555556,Barack Obama
273.0,3.0,0.0512820512821,Barack Obama
276.0,3.0,0.06,Barack Obama
279.0,3.0,0.310344827586,Barack Obama
282.0,3.0,0.1,Barack Obama
285.0,3.0,0.133333333333,Barack Obama
288.0,3.0,0.186046511628,Barack Obama
291.0,3.0,0.204081632653,Barack Obama
294.0,3.0,0.235294117647,Barack Obama
300.0,3.0,0.0,Barack Obama
303.0,3.0,0.0,Barack Obama
306.0,3.0,0.0,Barack Obama
309.0,3.0,0.0,Barack Obama
312.0,3.0,0.0,Barack Obama
315.0,3.0,0.0625,Barack Obama
318.0,3.0,0.0714285714286,Barack Obama
321.0,3.0,0.133333333333,Barack Obama
324.0,3.0,0.0645161290323,Barack Obama
327.0,3.0,0.0666666666667,Barack Obama
330.0,3.0,0.0952380952381,Barack Obama
333.0,3.0,0.0243902439024,Barack Obama
336.0,3.0,0.0980392156863,Barack Obama
339.0,3.0,0.030303030303,Barack Obama
342.0,3.0,0.205128205128,Barack Obama
345.0,3.0,0.171428571429,Barack Obama
348.0,3.0,0.0555555555556,Barack Obama
351.0,3.0,0.136363636364,Barack Obama
354.0,3.0,0.230769230769,Barack Obama
357.0,3.0,0.0454545454545,Barack Obama
360.0,3.0,0.0754716981132,Barack Obama
363.0,3.0,0.0888888888889,Barack Obama
366.0,3.0,0.114285714286,Barack Obama
369.0,3.0,0.0512820512821,Barack Obama
372.0,3.0,0.224137931034,Barack Obama
375.0,3.0,0.114285714286,Barack Obama
378.0,3.0,0.115384615385,Barack Obama
381.0,3.0,0.0263157894737,Barack Obama
384.0,3.0,0.111111111111,Barack Obama
387.0,3.0,0.0769230769231,Barack Obama
390.0,3.0,0.0487804878049,Barack Obama
393.0,3.0,0.0526315789474,Barack Obama
396.0,3.0,0.02,Barack Obama
399.0,3.0,0.0952380952381,Barack Obama
402.0,3.0,0.0652173913043,Barack Obama
405.0,3.0,0.166666666667,Barack Obama
408.0,3.0,0.130434782609,Barack Obama
411.0,3.0,0.027027027027,Barack Obama
414.0,3.0,0.0454545454545,Barack Obama
417.0,3.0,0.0285714285714,Barack Obama
420.0,3.0,0.0,Barack Obama
423.0,3.0,0.0,Barack Obama
426.0,3.0,0.0454545454545,Barack Obama
429.0,3.0,0.0512820512821,Barack Obama
432.0,3.0,0.0285714285714,Barack Obama
435.0,3.0,0.0416666666667,Barack Obama
438.0,3.0,0.285714285714,Barack Obama
441.0,3.0,0.0833333333333,Barack Obama
444.0,3.0,0.142857142857,Barack Obama
447.0,3.0,0.0487804878049,Barack Obama
450.0,3.0,0.113636363636,Barack Obama
453.0,3.0,0.102564102564,Barack Obama
456.0,3.0,0.0769230769231,Barack Obama
459.0,3.0,0.0384615384615,Barack Obama
462.0,3.0,0.103448275862,Barack Obama
465.0,3.0,0.0384615384615,Barack Obama
468.0,3.0,0.0344827586207,Barack Obama
471.0,3.0,0.0,Barack Obama
474.0,3.0,0.152173913043,Barack Obama
477.0,3.0,0.0,Barack Obama
480.0,3.0,0.04,Barack Obama
483.0,3.0,0.0652173913043,Barack Obama
486.0,3.0,0.105263157895,Barack Obama
489.0,3.0,0.115384615385,Barack Obama
492.0,3.0,0.0810810810811,Barack Obama
495.0,3.0,0.0714285714286,Barack Obama
498.0,3.0,0.1875,Barack Obama
501.0,3.0,0.132075471698,Barack Obama
504.0,3.0,0.063829787234,Barack Obama
507.0,3.0,0.0277777777778,Barack Obama
510.0,3.0,0.0833333333333,Barack Obama
513.0,3.0,0.0677966101695,Barack Obama
516.0,3.0,0.162790697674,Barack Obama
519.0,3.0,0.269230769231,Barack Obama
522.0,3.0,0.32,Barack Obama
525.0,3.0,0.0625,Barack Obama
528.0,3.0,0.0769230769231,Barack Obama
531.0,3.0,0.282051282051,Barack Obama
534.0,3.0,0.0,Barack Obama
537.0,3.0,0.0,Barack Obama
540.0,3.0,0.0952380952381,Barack Obama
543.0,3.0,0.025,Barack Obama
546.0,3.0,0.04,Barack Obama
549.0,3.0,0.0526315789474,Barack Obama
552.0,3.0,0.0454545454545,Barack Obama
555.0,3.0,0.0833333333333,Barack Obama
558.0,3.0,0.222222222222,Barack Obama
561.0,3.0,0.1,Barack Obama
564.0,3.0,0.0243902439024,Barack Obama
567.0,3.0,0.106382978723,Barack Obama
570.0,3.0,0.179487179487,Barack Obama
573.0,3.0,0.1,Barack Obama
576.0,3.0,0.06,Barack Obama
579.0,3.0,0.0943396226415,Barack Obama
582.0,3.0,0.0526315789474,Barack Obama
585.0,3.0,0.1,Barack Obama
588.0,3.0,0.108108108108,Barack Obama
591.0,3.0,0.0444444444444,Barack Obama
594.0,3.0,0.1,Barack Obama
597.0,3.0,0.0,Barack Obama
600.0,3.0,0.0833333333333,Barack Obama
603.0,3.0,0.34,Barack Obama
606.0,3.0,0.0588235294118,Barack Obama
609.0,3.0,0.0,Barack Obama
612.0,3.0,0.0357142857143,Barack Obama
615.0,3.0,0.06,Barack Obama
618.0,3.0,0.0571428571429,Barack Obama
621.0,3.0,0.0975609756098,Barack Obama
624.0,3.0,0.102040816327,Barack Obama
627.0,3.0,0.0625,Barack Obama
630.0,3.0,0.0294117647059,Barack Obama
633.0,3.0,0.119047619048,Barack Obama
636.0,3.0,0.194444444444,Barack Obama
639.0,3.0,0.0714285714286,Barack Obama
642.0,3.0,0.0555555555556,Barack Obama
645.0,3.0,0.0952380952381,Barack Obama
648.0,3.0,0.0555555555556,Barack Obama
651.0,3.0,0.0243902439024,Barack Obama
654.0,3.0,0.115384615385,Barack Obama
657.0,3.0,0.0,Barack Obama
660.0,3.0,0.0,Barack Obama
663.0,3.0,0.0322580645161,Barack Obama
666.0,3.0,0.133333333333,Barack Obama
669.0,3.0,0.0612244897959,Barack Obama
672.0,3.0,0.0571428571429,Barack Obama
675.0,3.0,0.0227272727273,Barack Obama
678.0,3.0,0.030303030303,Barack Obama
681.0,3.0,0.117647058824,Barack Obama
684.0,3.0,0.0769230769231,Barack Obama
687.0,3.0,0.0625,Barack Obama
690.0,3.0,0.153846153846,Barack Obama
693.0,3.0,0.0294117647059,Barack Obama
696.0,3.0,0.0540540540541,Barack Obama
699.0,3.0,0.0277777777778,Barack Obama
702.0,3.0,0.0,Barack Obama
705.0,3.0,0.047619047619,Barack Obama
708.0,3.0,0.0789473684211,Barack Obama
711.0,3.0,0.0222222222222,Barack Obama
714.0,3.0,0.106382978723,Barack Obama
717.0,3.0,0.0888888888889,Barack Obama
720.0,3.0,0.0285714285714,Barack Obama
723.0,3.0,0.0,Barack Obama
726.0,3.0,0.125,Barack Obama
729.0,3.0,0.151515151515,Barack Obama
732.0,3.0,0.0888888888889,Barack Obama
735.0,3.0,0.0833333333333,Barack Obama
738.0,3.0,0.0,Barack Obama
741.0,3.0,0.0769230769231,Barack Obama
744.0,3.0,0.171428571429,Barack Obama
747.0,3.0,0.075,Barack Obama
750.0,3.0,0.0888888888889,Barack Obama
753.0,3.0,0.0666666666667,Barack Obama
756.0,3.0,0.075,Barack Obama
759.0,3.0,0.121212121212,Barack Obama
762.0,3.0,0.153846153846,Barack Obama
765.0,3.0,0.0384615384615,Barack Obama
768.0,3.0,0.0,Barack Obama
771.0,3.0,0.212121212121,Barack Obama
774.0,3.0,0.0857142857143,Barack Obama
777.0,3.0,0.19512195122,Barack Obama
780.0,3.0,0.0714285714286,Barack Obama
783.0,3.0,0.0714285714286,Barack Obama
786.0,3.0,0.0952380952381,Barack Obama
789.0,3.0,0.0,Barack Obama
792.0,3.0,0.0185185185185,Barack Obama
795.0,3.0,0.027027027027,Barack Obama
798.0,3.0,0.125,Barack Obama
801.0,3.0,0.0454545454545,Barack Obama
804.0,3.0,0.0,Barack Obama
807.0,3.0,0.0285714285714,Barack Obama
810.0,3.0,0.0566037735849,Barack Obama
813.0,3.0,0.0833333333333,Barack Obama
816.0,3.0,0.0454545454545,Barack Obama
819.0,3.0,0.121212121212,Barack Obama
822.0,3.0,0.0689655172414,Barack Obama
825.0,3.0,0.0277777777778,Barack Obama
828.0,3.0,0.0285714285714,Barack Obama
831.0,3.0,0.117647058824,Barack Obama
834.0,3.0,0.03125,Barack Obama
837.0,3.0,0.0,Barack Obama
840.0,3.0,0.0263157894737,Barack Obama
843.0,3.0,0.0238095238095,Barack Obama
846.0,3.0,0.0322580645161,Barack Obama
849.0,3.0,0.139534883721,Barack Obama
852.0,3.0,0.171428571429,Barack Obama
855.0,3.0,0.04,Barack Obama
858.0,3.0,0.0263157894737,Barack Obama
861.0,3.0,0.05,Barack Obama
864.0,3.0,0.309090909091,Barack Obama
867.0,3.0,0.0,Barack Obama
870.0,3.0,0.0454545454545,Barack Obama
873.0,3.0,0.106382978723,Barack Obama
876.0,3.0,0.0555555555556,Barack Obama
879.0,3.0,0.0612244897959,Barack Obama
882.0,3.0,0.030303030303,Barack Obama
885.0,3.0,0.173913043478,Barack Obama
888.0,3.0,0.137931034483,Barack Obama
891.0,3.0,0.0555555555556,Barack Obama
894.0,3.0,0.08,Barack Obama
897.0,3.0,0.153846153846,Barack Obama
900.0,3.0,0.0,Barack Obama
903.0,3.0,0.157894736842,Barack Obama
906.0,3.0,0.0,Barack Obama
909.0,3.0,0.0769230769231,Barack Obama
912.0,3.0,0.0869565217391,Barack Obama
915.0,3.0,0.0,Barack Obama
918.0,3.0,0.137254901961,Barack Obama
921.0,3.0,0.0350877192982,Barack Obama
924.0,3.0,0.210526315789,Barack Obama
927.0,3.0,0.027027027027,Barack Obama
930.0,3.0,0.030303030303,Barack Obama
933.0,3.0,0.1,Barack Obama
936.0,3.0,0.113636363636,Barack Obama
939.0,3.0,0.0681818181818,Barack Obama
942.0,3.0,0.0606060606061,Barack Obama
945.0,3.0,0.0571428571429,Barack Obama
948.0,3.0,0.0344827586207,Barack Obama
951.0,3.0,0.191489361702,Barack Obama
954.0,3.0,0.277777777778,Barack Obama
957.0,3.0,0.189189189189,Barack Obama
960.0,3.0,0.0754716981132,Barack Obama
963.0,3.0,0.0333333333333,Barack Obama
966.0,3.0,0.0,Barack Obama
969.0,3.0,0.0888888888889,Barack Obama
972.0,3.0,0.122448979592,Barack Obama
975.0,3.0,0.2,Barack Obama
978.0,3.0,0.115384615385,Barack Obama
981.0,3.0,0.148148148148,Barack Obama
984.0,3.0,0.0606060606061,Barack Obama
987.0,3.0,0.0925925925926,Barack Obama
990.0,3.0,0.0434782608696,Barack Obama
993.0,3.0,0.142857142857,Barack Obama
996.0,3.0,0.0,Barack Obama
999.0,3.0,0.0227272727273,Barack Obama
1002.0,3.0,0.192307692308,Barack Obama
1005.0,3.0,0.184210526316,Barack Obama
1008.0,3.0,0.0204081632653,Barack Obama
1011.0,3.0,0.186046511628,Barack Obama
1014.0,3.0,0.173913043478,Barack Obama
1017.0,3.0,0.130434782609,Barack Obama
1020.0,3.0,0.2,Barack Obama
1023.0,3.0,0.1,Barack Obama
1026.0,3.0,0.0909090909091,Barack Obama
1029.0,3.0,0.176470588235,Barack Obama
1032.0,3.0,0.0909090909091,Barack Obama
1035.0,3.0,0.0652173913043,Barack Obama
1038.0,3.0,0.0,Barack Obama
1041.0,3.0,0.0,Barack Obama
1044.0,3.0,0.1,Barack Obama
1047.0,3.0,0.315789473684,Barack Obama
1050.0,3.0,0.375,Barack Obama
1053.0,3.0,0.0625,Barack Obama
1056.0,3.0,0.106382978723,Barack Obama
1059.0,3.0,0.103448275862,Barack Obama
1062.0,3.0,0.0588235294118,Barack Obama
1065.0,3.0,0.0555555555556,Barack Obama
1068.0,3.0,0.0714285714286,Barack Obama
1071.0,3.0,0.0,Barack Obama
1074.0,3.0,0.0232558139535,Barack Obama
1077.0,3.0,0.0851063829787,Barack Obama
1080.0,3.0,0.121951219512,Barack Obama
1083.0,3.0,0.125,Barack Obama
1086.0,3.0,0.0666666666667,Barack Obama
1089.0,3.0,0.1,Barack Obama
1092.0,3.0,0.0,Barack Obama
1095.0,3.0,0.0,Barack Obama
1098.0,3.0,0.2,Barack Obama
1101.0,3.0,0.0869565217391,Barack Obama
1104.0,3.0,0.0434782608696,Barack Obama
1107.0,3.0,0.0384615384615,Barack Obama
1110.0,3.0,0.0377358490566,Barack Obama
1113.0,3.0,0.0,Barack Obama
1116.0,3.0,0.0,Barack Obama
1119.0,3.0,0.0285714285714,Barack Obama
1122.0,3.0,0.025641025641,Barack Obama
1125.0,3.0,0.111111111111,Barack Obama
1128.0,3.0,0.0,Barack Obama
1131.0,3.0,0.0212765957447,Barack Obama
1134.0,3.0,0.0434782608696,Barack Obama
1137.0,3.0,0.0588235294118,Barack Obama
1140.0,3.0,0.0810810810811,Barack Obama
1143.0,3.0,0.0294117647059,Barack Obama
1146.0,3.0,0.0238095238095,Barack Obama
1149.0,3.0,0.0243902439024,Barack Obama
1152.0,3.0,0.0526315789474,Barack Obama
1155.0,3.0,0.0731707317073,Barack Obama
1158.0,3.0,0.030303030303,Barack Obama
1161.0,3.0,0.0204081632653,Barack Obama
1164.0,3.0,0.111111111111,Barack Obama
1167.0,3.0,0.027027027027,Barack Obama
1170.0,3.0,0.0,Barack Obama
1173.0,3.0,0.152173913043,Barack Obama
1176.0,3.0,0.0555555555556,Barack Obama
1179.0,3.0,0.03125,Barack Obama
1182.0,3.0,0.0196078431373,Barack Obama
1185.0,3.0,0.0714285714286,Barack Obama
1188.0,3.0,0.0263157894737,Barack Obama
1191.0,3.0,0.025,Barack Obama
1194.0,3.0,0.0909090909091,Barack Obama
1197.0,3.0,0.047619047619,Barack Obama
1200.0,3.0,0.230769230769,Barack Obama
1203.0,3.0,0.108695652174,Barack Obama
1206.0,3.0,0.184210526316,Barack Obama
1209.0,3.0,0.0238095238095,Barack Obama
1212.0,3.0,0.0731707317073,Barack Obama
1215.0,3.0,0.119047619048,Barack Obama
1218.0,3.0,0.179487179487,Barack Obama
1221.0,3.0,0.222222222222,Barack Obama
1224.0,3.0,0.1,Barack Obama
1227.0,3.0,0.0208333333333,Barack Obama
1230.0,3.0,0.0454545454545,Barack Obama
1233.0,3.0,0.16393442623,Barack Obama
1236.0,3.0,0.212121212121,Barack Obama
1239.0,3.0,0.0322580645161,Barack Obama
1242.0,3.0,0.194444444444,Barack Obama
1245.0,3.0,0.08,Barack Obama
1248.0,3.0,0.08,Barack Obama
1251.0,3.0,0.15,Barack Obama
1254.0,3.0,0.0416666666667,Barack Obama
1257.0,3.0,0.0833333333333,Barack Obama
1260.0,3.0,0.025641025641,Barack Obama
1263.0,3.0,0.025,Barack Obama
1266.0,3.0,0.0666666666667,Barack Obama
1269.0,3.0,0.0983606557377,Barack Obama
1272.0,3.0,0.161290322581,Barack Obama
1275.0,3.0,0.0416666666667,Barack Obama
1278.0,3.0,0.177777777778,Barack Obama
1281.0,3.0,0.0,Barack Obama
1284.0,3.0,0.02,Barack Obama
1287.0,3.0,0.111111111111,Barack Obama
1290.0,3.0,0.2,Barack Obama
1293.0,3.0,0.107142857143,Barack Obama
1296.0,3.0,0.0416666666667,Barack Obama
1299.0,3.0,0.0666666666667,Barack Obama
1302.0,3.0,0.133333333333,Barack Obama
1305.0,3.0,0.162790697674,Barack Obama
1308.0,3.0,0.14,Barack Obama
1311.0,3.0,0.025641025641,Barack Obama
1314.0,3.0,0.227272727273,Barack Obama
1317.0,3.0,0.0,Barack Obama
1320.0,3.0,0.0789473684211,Barack Obama
1323.0,3.0,0.0857142857143,Barack Obama
1326.0,3.0,0.105263157895,Barack Obama
1329.0,3.0,0.1,Barack Obama
1332.0,3.0,0.15,Barack Obama
1335.0,3.0,0.0588235294118,Barack Obama
1338.0,3.0,0.0697674418605,Barack Obama
1341.0,3.0,0.1,Barack Obama
1344.0,3.0,0.037037037037,Barack Obama
1347.0,3.0,0.1,Barack Obama
1350.0,3.0,0.177777777778,Barack Obama
1353.0,3.0,0.0,Barack Obama
1356.0,3.0,0.0545454545455,Barack Obama
1359.0,3.0,0.0208333333333,Barack Obama
1362.0,3.0,0.0243902439024,Barack Obama
1365.0,3.0,0.0810810810811,Barack Obama
1368.0,3.0,0.046511627907,Barack Obama
1371.0,3.0,0.135135135135,Barack Obama
1374.0,3.0,0.125,Barack Obama
1377.0,3.0,0.0,Barack Obama
1380.0,3.0,0.121212121212,Barack Obama
1383.0,3.0,0.0625,Barack Obama
1386.0,3.0,0.28125,Barack Obama
1389.0,3.0,0.0322580645161,Barack Obama
1392.0,3.0,0.0294117647059,Barack Obama
1395.0,3.0,0.0487804878049,Barack Obama
1398.0,3.0,0.03125,Barack Obama
1401.0,3.0,0.170731707317,Barack Obama
1404.0,3.0,0.145833333333,Barack Obama
1407.0,3.0,0.0,Barack Obama
1410.0,3.0,0.162790697674,Barack Obama
1413.0,3.0,0.093023255814,Barack Obama
1416.0,3.0,0.0185185185185,Barack Obama
1419.0,3.0,0.325,Barack Obama
1422.0,3.0,0.075,Barack Obama
1425.0,3.0,0.2,Barack Obama
1428.0,3.0,0.0344827586207,Barack Obama
1431.0,3.0,0.175,Barack Obama
1434.0,3.0,0.125,Barack Obama
1437.0,3.0,0.0434782608696,Barack Obama
1440.0,3.0,0.0,Barack Obama
1443.0,3.0,0.121951219512,Barack Obama
1446.0,3.0,0.0,Barack Obama
1449.0,3.0,0.217391304348,Barack Obama
1452.0,3.0,0.0,Barack Obama
1455.0,3.0,0.0789473684211,Barack Obama
1458.0,3.0,0.157894736842,Barack Obama
1461.0,3.0,0.0625,Barack Obama
1464.0,3.0,0.0,Barack Obama
1467.0,3.0,0.0,Barack Obama
1470.0,3.0,0.0833333333333,Barack Obama
1473.0,3.0,0.142857142857,Barack Obama
1476.0,3.0,0.116279069767,Barack Obama
1479.0,3.0,0.0588235294118,Barack Obama
1482.0,3.0,0.0975609756098,Barack Obama
1485.0,3.0,0.0576923076923,Barack Obama
1488.0,3.0,0.0,Barack Obama
1491.0,3.0,0.275,Barack Obama
1494.0,3.0,0.162790697674,Barack Obama
1497.0,3.0,0.148148148148,Barack Obama
1500.0,3.0,0.0540540540541,Barack Obama
1503.0,3.0,0.0212765957447,Barack Obama
1506.0,3.0,0.09375,Barack Obama
1509.0,3.0,0.0,Barack Obama
1512.0,3.0,0.03125,Barack Obama
1515.0,3.0,0.0444444444444,Barack Obama
1518.0,3.0,0.0588235294118,Barack Obama
1521.0,3.0,0.027027027027,Barack Obama
1524.0,3.0,0.0277777777778,Barack Obama
1527.0,3.0,0.0277777777778,Barack Obama
1530.0,3.0,0.127272727273,Barack Obama
1533.0,3.0,0.0975609756098,Barack Obama
1536.0,3.0,0.030303030303,Barack Obama
1539.0,3.0,0.0444444444444,Barack Obama
1542.0,3.0,0.025641025641,Barack Obama
1545.0,3.0,0.0277777777778,Barack Obama
1548.0,3.0,0.0571428571429,Barack Obama
1551.0,3.0,0.1,Barack Obama
1554.0,3.0,0.046511627907,Barack Obama
1557.0,3.0,0.132075471698,Barack Obama
1560.0,3.0,0.224489795918,Barack Obama
1563.0,3.0,0.0,Barack Obama
1566.0,3.0,0.21875,Barack Obama
1569.0,3.0,0.136363636364,Barack Obama
1572.0,3.0,0.263157894737,Barack Obama
1575.0,3.0,0.2,Barack Obama
1578.0,3.0,0.027027027027,Barack Obama
1581.0,3.0,0.0882352941176,Barack Obama
1584.0,3.0,0.222222222222,Barack Obama
1587.0,3.0,0.0,Barack Obama
1590.0,3.0,0.0714285714286,Barack Obama
1593.0,3.0,0.106382978723,Barack Obama
1596.0,3.0,0.159090909091,Barack Obama
1599.0,3.0,0.102564102564,Barack Obama
1602.0,3.0,0.131578947368,Barack Obama
1605.0,3.0,0.153846153846,Barack Obama
1608.0,3.0,0.111111111111,Barack Obama
1611.0,3.0,0.135593220339,Barack Obama
1614.0,3.0,0.205882352941,Barack Obama
1617.0,3.0,0.102040816327,Barack Obama
1620.0,3.0,0.166666666667,Barack Obama
1623.0,3.0,0.0625,Barack Obama
1626.0,3.0,0.0294117647059,Barack Obama
1629.0,3.0,0.122807017544,Barack Obama
1632.0,3.0,0.241379310345,Barack Obama
1635.0,3.0,0.163265306122,Barack Obama
1638.0,3.0,0.0,Barack Obama
1641.0,3.0,0.155555555556,Barack Obama
1644.0,3.0,0.111111111111,Barack Obama
1647.0,3.0,0.114285714286,Barack Obama
1650.0,3.0,0.161290322581,Barack Obama
1653.0,3.0,0.08,Barack Obama
1656.0,3.0,0.216216216216,Barack Obama
1659.0,3.0,0.105263157895,Barack Obama
1662.0,3.0,0.210526315789,Barack Obama
1665.0,3.0,0.04,Barack Obama
1668.0,3.0,0.1,Barack Obama
1671.0,3.0,0.266666666667,Barack Obama
1674.0,3.0,0.0810810810811,Barack Obama
1677.0,3.0,0.125,Barack Obama
1680.0,3.0,0.163265306122,Barack Obama
1683.0,3.0,0.047619047619,Barack Obama
1686.0,3.0,0.166666666667,Barack Obama
1689.0,3.0,0.0588235294118,Barack Obama
1692.0,3.0,0.120689655172,Barack Obama
1695.0,3.0,0.047619047619,Barack Obama
1698.0,3.0,0.411764705882,Barack Obama
1701.0,3.0,0.142857142857,Barack Obama
1704.0,3.0,0.0285714285714,Barack Obama
1707.0,3.0,0.25,Barack Obama
1710.0,3.0,0.093023255814,Barack Obama
1713.0,3.0,0.09375,Barack Obama
1716.0,3.0,0.166666666667,Barack Obama
1719.0,3.0,0.0243902439024,Barack Obama
1722.0,3.0,0.0,Barack Obama
1725.0,3.0,0.148936170213,Barack Obama
1728.0,3.0,0.0666666666667,Barack Obama
1731.0,3.0,0.1,Barack Obama
1734.0,3.0,0.0227272727273,Barack Obama
1737.0,3.0,0.05,Barack Obama
1740.0,3.0,0.0294117647059,Barack Obama
1743.0,3.0,0.175,Barack Obama
1746.0,3.0,0.0975609756098,Barack Obama
1749.0,3.0,0.185185185185,Barack Obama
1752.0,3.0,0.0888888888889,Barack Obama
1755.0,3.0,0.046511627907,Barack Obama
1758.0,3.0,0.0952380952381,Barack Obama
1761.0,3.0,0.0,Barack Obama
1764.0,3.0,0.0526315789474,Barack Obama
1767.0,3.0,0.0967741935484,Barack Obama
1770.0,3.0,0.269230769231,Barack Obama
1773.0,3.0,0.210526315789,Barack Obama
1776.0,3.0,0.135135135135,Barack Obama
1779.0,3.0,0.0952380952381,Barack Obama
1782.0,3.0,0.166666666667,Barack Obama
1785.0,3.0,0.173913043478,Barack Obama
1788.0,3.0,0.0769230769231,Barack Obama
1791.0,3.0,0.225,Barack Obama
1794.0,3.0,0.0833333333333,Barack Obama
1797.0,3.0,0.128205128205,Barack Obama
1800.0,3.0,0.21875,Barack Obama
1803.0,3.0,0.0322580645161,Barack Obama
1806.0,3.0,0.114285714286,Barack Obama
1809.0,3.0,0.375,Barack Obama
1821.0,3.0,0.0,Barack Obama
1824.0,3.0,0.214285714286,Barack Obama
1827.0,3.0,0.128205128205,Barack Obama
1830.0,3.0,0.0377358490566,Barack Obama
1833.0,3.0,0.08,Barack Obama
1836.0,3.0,0.131578947368,Barack Obama
1839.0,3.0,0.0909090909091,Barack Obama
1842.0,3.0,0.0566037735849,Barack Obama
1845.0,3.0,0.0714285714286,Barack Obama
1848.0,3.0,0.111111111111,Barack Obama
1851.0,3.0,0.191489361702,Barack Obama
1854.0,3.0,0.0277777777778,Barack Obama
1857.0,3.0,0.140625,Barack Obama
1860.0,3.0,0.0714285714286,Barack Obama
1863.0,3.0,0.0,Barack Obama
1866.0,3.0,0.0,Barack Obama
1869.0,3.0,0.0,Barack Obama
1872.0,3.0,0.190476190476,Barack Obama
1875.0,3.0,0.119047619048,Barack Obama
1878.0,3.0,0.196078431373,Barack Obama
1881.0,3.0,0.0166666666667,Barack Obama
1884.0,3.0,0.1,Barack Obama
1887.0,3.0,0.0967741935484,Barack Obama
1890.0,3.0,0.19512195122,Barack Obama
1893.0,3.0,0.292682926829,Barack Obama
1896.0,3.0,0.0810810810811,Barack Obama
1899.0,3.0,0.222222222222,Barack Obama
1902.0,3.0,0.0869565217391,Barack Obama
1905.0,3.0,0.0357142857143,Barack Obama
1908.0,3.0,0.102040816327,Barack Obama
1911.0,3.0,0.130434782609,Barack Obama
1914.0,3.0,0.047619047619,Barack Obama
1917.0,3.0,0.047619047619,Barack Obama
1920.0,3.0,0.138888888889,Barack Obama
1923.0,3.0,0.241379310345,Barack Obama
1926.0,3.0,0.184210526316,Barack Obama
1929.0,3.0,0.307692307692,Barack Obama
1932.0,3.0,0.208333333333,Barack Obama
1935.0,3.0,0.15,Barack Obama
1938.0,3.0,0.146341463415,Barack Obama
1941.0,3.0,0.0612244897959,Barack Obama
1944.0,3.0,0.093023255814,Barack Obama
1947.0,3.0,0.131578947368,Barack Obama
1950.0,3.0,0.115384615385,Barack Obama
1953.0,3.0,0.16,Barack Obama
1956.0,3.0,0.125,Barack Obama
1959.0,3.0,0.0188679245283,Barack Obama
1962.0,3.0,0.12,Barack Obama
1965.0,3.0,0.0588235294118,Barack Obama
1968.0,3.0,0.0227272727273,Barack Obama
1971.0,3.0,0.0909090909091,Barack Obama
1974.0,3.0,0.210526315789,Barack Obama
1977.0,3.0,0.0,Barack Obama
1980.0,3.0,0.0833333333333,Barack Obama
1983.0,3.0,0.153846153846,Barack Obama
1986.0,3.0,0.106382978723,Barack Obama
1989.0,3.0,0.0909090909091,Barack Obama
1992.0,3.0,0.19512195122,Barack Obama
1995.0,3.0,0.206896551724,Barack Obama
1998.0,3.0,0.0697674418605,Barack Obama
2001.0,3.0,0.119047619048,Barack Obama
2004.0,3.0,0.120689655172,Barack Obama
2007.0,3.0,0.075,Barack Obama
2010.0,3.0,0.0377358490566,Barack Obama
2013.0,3.0,0.063829787234,Barack Obama
2016.0,3.0,0.046875,Barack Obama
2019.0,3.0,0.0606060606061,Barack Obama
2022.0,3.0,0.047619047619,Barack Obama
2025.0,3.0,0.181818181818,Barack Obama
2028.0,3.0,0.037037037037,Barack Obama
2043.0,3.0,0.0204081632653,Barack Obama
2046.0,3.0,0.0188679245283,Barack Obama
2049.0,3.0,0.294117647059,Barack Obama
2052.0,3.0,0.130434782609,Barack Obama
2055.0,3.0,0.04,Barack Obama
2058.0,3.0,0.0888888888889,Barack Obama
2061.0,3.0,0.0285714285714,Barack Obama
2064.0,3.0,0.0888888888889,Barack Obama
2067.0,3.0,0.0232558139535,Barack Obama
2070.0,3.0,0.142857142857,Barack Obama
2073.0,3.0,0.0625,Barack Obama
2076.0,3.0,0.153846153846,Barack Obama
2079.0,3.0,0.037037037037,Barack Obama
2082.0,3.0,0.176470588235,Barack Obama
2085.0,3.0,0.0925925925926,Barack Obama
2088.0,3.0,0.0,Barack Obama
2091.0,3.0,0.111111111111,Barack Obama
2094.0,3.0,0.109375,Barack Obama
2097.0,3.0,0.0652173913043,Barack Obama
2100.0,3.0,0.15625,Barack Obama
2103.0,3.0,0.02,Barack Obama
2106.0,3.0,0.0740740740741,Barack Obama
2109.0,3.0,0.214285714286,Barack Obama
2112.0,3.0,0.0408163265306,Barack Obama
2115.0,3.0,0.0204081632653,Barack Obama
2118.0,3.0,0.0681818181818,Barack Obama
2121.0,3.0,0.122448979592,Barack Obama
2124.0,3.0,0.0566037735849,Barack Obama
2127.0,3.0,0.0222222222222,Barack Obama
2130.0,3.0,0.0697674418605,Barack Obama
2133.0,3.0,0.263157894737,Barack Obama
2136.0,3.0,0.0571428571429,Barack Obama
2139.0,3.0,0.113636363636,Barack Obama
2142.0,3.0,0.0526315789474,Barack Obama
2145.0,3.0,0.0571428571429,Barack Obama
2148.0,3.0,0.0,Barack Obama
2151.0,3.0,0.0952380952381,Barack Obama
2154.0,3.0,0.0212765957447,Barack Obama
2157.0,3.0,0.0392156862745,Barack Obama
2160.0,3.0,0.0408163265306,Barack Obama
2163.0,3.0,0.214285714286,Barack Obama
2166.0,3.0,0.0222222222222,Barack Obama
2169.0,3.0,0.0188679245283,Barack Obama
2172.0,3.0,0.027027027027,Barack Obama
2175.0,3.0,0.204081632653,Barack Obama
2178.0,3.0,0.0,Barack Obama
2181.0,3.0,0.0512820512821,Barack Obama
2184.0,3.0,0.163636363636,Barack Obama
2187.0,3.0,0.0,Barack Obama
2190.0,3.0,0.046511627907,Barack Obama
2193.0,3.0,0.0789473684211,Barack Obama
2196.0,3.0,0.046511627907,Barack Obama
2199.0,3.0,0.025641025641,Barack Obama
2202.0,3.0,0.0612244897959,Barack Obama
2205.0,3.0,0.0192307692308,Barack Obama
2208.0,3.0,0.0185185185185,Barack Obama
2211.0,3.0,0.366666666667,Barack Obama
2217.0,3.0,0.0,Barack Obama
2220.0,3.0,0.133333333333,Barack Obama
2223.0,3.0,0.27027027027,Barack Obama
2226.0,3.0,0.157894736842,Barack Obama
2229.0,3.0,0.153846153846,Barack Obama
2232.0,3.0,0.387096774194,Barack Obama
2235.0,3.0,0.189189189189,Barack Obama
2238.0,3.0,0.129032258065,Barack Obama
2241.0,3.0,0.107142857143,Barack Obama
2244.0,3.0,0.0454545454545,Barack Obama
2247.0,3.0,0.0357142857143,Barack Obama
2250.0,3.0,0.0810810810811,Barack Obama
2253.0,3.0,0.142857142857,Barack Obama
2256.0,3.0,0.0645161290323,Barack Obama
2259.0,3.0,0.0571428571429,Barack Obama
2262.0,3.0,0.0909090909091,Barack Obama
2265.0,3.0,0.0,Barack Obama
2268.0,3.0,0.265306122449,Barack Obama
2271.0,3.0,0.0,Barack Obama
2274.0,3.0,0.0869565217391,Barack Obama
2277.0,3.0,0.0689655172414,Barack Obama
2280.0,3.0,0.0967741935484,Barack Obama
2283.0,3.0,0.25,Barack Obama
2286.0,3.0,0.390243902439,Barack Obama
2289.0,3.0,0.269230769231,Barack Obama
2292.0,3.0,0.0357142857143,Barack Obama
2295.0,3.0,0.108108108108,Barack Obama
2298.0,3.0,0.206896551724,Barack Obama
2301.0,3.0,0.147058823529,Barack Obama
2304.0,3.0,0.2,Barack Obama
2307.0,3.0,0.172413793103,Barack Obama
2310.0,3.0,0.0,Barack Obama
2313.0,3.0,0.0833333333333,Barack Obama
2316.0,3.0,0.125,Barack Obama
2319.0,3.0,0.08,Barack Obama
2322.0,3.0,0.125,Barack Obama
2325.0,3.0,0.0487804878049,Barack Obama
2328.0,3.0,0.0,Barack Obama
2331.0,3.0,0.136363636364,Barack Obama
2334.0,3.0,0.25,Barack Obama
2337.0,3.0,0.277777777778,Barack Obama
2340.0,3.0,0.346153846154,Barack Obama
2343.0,3.0,0.133333333333,Barack Obama
2346.0,3.0,0.190476190476,Barack Obama
2349.0,3.0,0.241379310345,Barack Obama
2352.0,3.0,0.1,Barack Obama
2355.0,3.0,0.0689655172414,Barack Obama
2358.0,3.0,0.193548387097,Barack Obama
2361.0,3.0,0.0967741935484,Barack Obama
2364.0,3.0,0.0285714285714,Barack Obama
2367.0,3.0,0.142857142857,Barack Obama
2370.0,3.0,0.151515151515,Barack Obama
2373.0,3.0,0.166666666667,Barack Obama
2376.0,3.0,0.173076923077,Barack Obama
2379.0,3.0,0.0,Barack Obama
2382.0,3.0,0.0263157894737,Barack Obama
2385.0,3.0,0.0384615384615,Barack Obama
2388.0,3.0,0.227272727273,Barack Obama
2391.0,3.0,0.0714285714286,Barack Obama
2394.0,3.0,0.166666666667,Barack Obama
2397.0,3.0,0.0833333333333,Barack Obama
2400.0,3.0,0.09375,Barack Obama
2403.0,3.0,0.0952380952381,Barack Obama
2406.0,3.0,0.130434782609,Barack Obama
2409.0,3.0,0.025,Barack Obama
2412.0,3.0,0.047619047619,Barack Obama
2415.0,3.0,0.0434782608696,Barack Obama
2418.0,3.0,0.0526315789474,Barack Obama
2421.0,3.0,0.0625,Barack Obama
2424.0,3.0,0.2,Barack Obama
2427.0,3.0,0.175,Barack Obama
2430.0,3.0,0.0833333333333,Barack Obama
2433.0,3.0,0.347826086957,Barack Obama
2436.0,3.0,0.103448275862,Barack Obama
2439.0,3.0,0.0588235294118,Barack Obama
2442.0,3.0,0.0,Barack Obama
2445.0,3.0,0.133333333333,Barack Obama
2448.0,3.0,0.0,Barack Obama
2451.0,3.0,0.238095238095,Barack Obama
2454.0,3.0,0.323529411765,Barack Obama
2457.0,3.0,0.111111111111,Barack Obama
2460.0,3.0,0.0,Barack Obama
2463.0,3.0,0.5,Barack Obama
2466.0,3.0,0.0,Barack Obama
2469.0,3.0,0.1,Barack Obama
2472.0,3.0,0.170731707317,Barack Obama
2475.0,3.0,0.3,Barack Obama
2478.0,3.0,0.047619047619,Barack Obama
2481.0,3.0,0.117647058824,Barack Obama
2484.0,3.0,0.078431372549,Barack Obama
2487.0,3.0,0.12,Barack Obama
2490.0,3.0,0.0666666666667,Barack Obama
2493.0,3.0,0.047619047619,Barack Obama
2496.0,3.0,0.0,Barack Obama
2499.0,3.0,0.111111111111,Barack Obama
2502.0,3.0,0.0454545454545,Barack Obama
2505.0,3.0,0.483870967742,Barack Obama
2508.0,3.0,0.392857142857,Barack Obama
2511.0,3.0,0.15625,Barack Obama
2514.0,3.0,0.15625,Barack Obama
2517.0,3.0,0.25641025641,Barack Obama
2520.0,3.0,0.190476190476,Barack Obama
2523.0,3.0,0.366666666667,Barack Obama
2526.0,3.0,0.225806451613,Barack Obama
2529.0,3.0,0.0434782608696,Barack Obama
2532.0,3.0,0.0769230769231,Barack Obama
2535.0,3.0,0.105263157895,Barack Obama
2538.0,3.0,0.322580645161,Barack Obama
2541.0,3.0,0.0,Barack Obama
2544.0,3.0,0.0952380952381,Barack Obama
2547.0,3.0,0.0,Barack Obama
2550.0,3.0,0.121212121212,Barack Obama
2553.0,3.0,0.0769230769231,Barack Obama
2556.0,3.0,0.103448275862,Barack Obama
2559.0,3.0,0.45,Barack Obama
2562.0,3.0,0.0,Barack Obama
2565.0,3.0,0.12,Barack Obama
2568.0,3.0,0.119047619048,Barack Obama
2571.0,3.0,0.2,Barack Obama
2574.0,3.0,0.0454545454545,Barack Obama
2577.0,3.0,0.0,Barack Obama
2580.0,3.0,0.30303030303,Barack Obama
2583.0,3.0,0.04,Barack Obama
2586.0,3.0,0.142857142857,Barack Obama
2589.0,3.0,0.0,Barack Obama
2592.0,3.0,0.393939393939,Barack Obama
2595.0,3.0,0.0555555555556,Barack Obama
2598.0,3.0,0.0588235294118,Barack Obama
2601.0,3.0,0.142857142857,Barack Obama
2604.0,3.0,0.0909090909091,Barack Obama
2607.0,3.0,0.153846153846,Barack Obama
2610.0,3.0,0.0882352941176,Barack Obama
2613.0,3.0,0.214285714286,Barack Obama
2616.0,3.0,0.185185185185,Barack Obama
2619.0,3.0,0.12,Barack Obama
2622.0,3.0,0.0,Barack Obama
2625.0,3.0,0.258064516129,Barack Obama
2628.0,3.0,0.0666666666667,Barack Obama
2631.0,3.0,0.241379310345,Barack Obama
2634.0,3.0,0.138888888889,Barack Obama
2637.0,3.0,0.137931034483,Barack Obama
2640.0,3.0,0.117647058824,Barack Obama
2643.0,3.0,0.0606060606061,Barack Obama
2646.0,3.0,0.0434782608696,Barack Obama
2649.0,3.0,0.142857142857,Barack Obama
2652.0,3.0,0.111111111111,Barack Obama
2655.0,3.0,0.1,Barack Obama
2658.0,3.0,0.1,Barack Obama
2661.0,3.0,0.136363636364,Barack Obama
2664.0,3.0,0.0714285714286,Barack Obama
2667.0,3.0,0.363636363636,Barack Obama
2670.0,3.0,0.322580645161,Barack Obama
2673.0,3.0,0.173913043478,Barack Obama
2676.0,3.0,0.107142857143,Barack Obama
2679.0,3.0,0.142857142857,Barack Obama
2682.0,3.0,0.204545454545,Barack Obama
2685.0,3.0,0.0,Barack Obama
2688.0,3.0,0.16,Barack Obama
2691.0,3.0,0.0,Barack Obama
2694.0,3.0,0.121212121212,Barack Obama
2697.0,3.0,0.046511627907,Barack Obama
2700.0,3.0,0.0384615384615,Barack Obama
2703.0,3.0,0.178571428571,Barack Obama
2706.0,3.0,0.0344827586207,Barack Obama
2709.0,3.0,0.0789473684211,Barack Obama
2712.0,3.0,0.133333333333,Barack Obama
2715.0,3.0,0.3,Barack Obama
2718.0,3.0,0.277777777778,Barack Obama
2721.0,3.0,0.130434782609,Barack Obama
2724.0,3.0,0.0571428571429,Barack Obama
2727.0,3.0,0.0434782608696,Barack Obama
2730.0,3.0,0.0909090909091,Barack Obama
2733.0,3.0,0.0740740740741,Barack Obama
2736.0,3.0,0.0555555555556,Barack Obama
2739.0,3.0,0.125,Barack Obama
2742.0,3.0,0.148148148148,Barack Obama
2745.0,3.0,0.457142857143,Barack Obama
2748.0,3.0,0.157894736842,Barack Obama
2751.0,3.0,0.115384615385,Barack Obama
2754.0,3.0,0.232558139535,Barack Obama
2757.0,3.0,0.125,Barack Obama
2760.0,3.0,0.117647058824,Barack Obama
2763.0,3.0,0.269230769231,Barack Obama
2766.0,3.0,0.03125,Barack Obama
2769.0,3.0,0.178571428571,Barack Obama
2772.0,3.0,0.230769230769,Barack Obama
2775.0,3.0,0.129032258065,Barack Obama
2778.0,3.0,0.16,Barack Obama
2781.0,3.0,0.166666666667,Barack Obama
2784.0,3.0,0.260869565217,Barack Obama
2787.0,3.0,0.0909090909091,Barack Obama
2790.0,3.0,0.0416666666667,Barack Obama
2793.0,3.0,0.025,Barack Obama
2796.0,3.0,0.227272727273,Barack Obama
2799.0,3.0,0.047619047619,Barack Obama
2802.0,3.0,0.166666666667,Barack Obama
2805.0,3.0,0.030303030303,Barack Obama
2808.0,3.0,0.208333333333,Barack Obama
2811.0,3.0,0.0,Barack Obama
2814.0,3.0,0.0666666666667,Barack Obama
2817.0,3.0,0.0,Barack Obama
2820.0,3.0,0.0357142857143,Barack Obama
2823.0,3.0,0.171428571429,Barack Obama
2826.0,3.0,0.190476190476,Barack Obama
2829.0,3.0,0.129032258065,Barack Obama
2832.0,3.0,0.206896551724,Barack Obama
2835.0,3.0,0.28125,Barack Obama
2838.0,3.0,0.0769230769231,Barack Obama
2841.0,3.0,0.153846153846,Barack Obama
2844.0,3.0,0.0416666666667,Barack Obama
2847.0,3.0,0.0833333333333,Barack Obama
2850.0,3.0,0.111111111111,Barack Obama
2853.0,3.0,0.0384615384615,Barack Obama
2856.0,3.0,0.25,Barack Obama
2859.0,3.0,0.0,Barack Obama
2862.0,3.0,0.0333333333333,Barack Obama
2865.0,3.0,0.15,Barack Obama
2868.0,3.0,0.111111111111,Barack Obama
2871.0,3.0,0.0,Barack Obama
2874.0,3.0,0.0344827586207,Barack Obama
2877.0,3.0,0.0,Barack Obama
2880.0,3.0,0.173913043478,Barack Obama
2883.0,3.0,0.192307692308,Barack Obama
2886.0,3.0,0.172413793103,Barack Obama
2889.0,3.0,0.0833333333333,Barack Obama
2892.0,3.0,0.0,Barack Obama
2895.0,3.0,0.0869565217391,Barack Obama
2898.0,3.0,0.0555555555556,Barack Obama
2901.0,3.0,0.0,Barack Obama
2904.0,3.0,0.0454545454545,Barack Obama
2907.0,3.0,0.0714285714286,Barack Obama
2910.0,3.0,0.027027027027,Barack Obama
2913.0,3.0,0.0,Barack Obama
2916.0,3.0,0.0384615384615,Barack Obama
2919.0,3.0,0.0857142857143,Barack Obama
2922.0,3.0,0.0833333333333,Barack Obama
2925.0,3.0,0.0333333333333,Barack Obama
2928.0,3.0,0.0,Barack Obama
2931.0,3.0,0.0,Barack Obama
2934.0,3.0,0.190476190476,Barack Obama
2937.0,3.0,0.0,Barack Obama
2940.0,3.0,0.0526315789474,Barack Obama
2943.0,3.0,0.0909090909091,Barack Obama
2946.0,3.0,0.05,Barack Obama
2949.0,3.0,0.0888888888889,Barack Obama
2952.0,3.0,0.0769230769231,Barack Obama
2955.0,3.0,0.178571428571,Barack Obama
2958.0,3.0,0.0789473684211,Barack Obama
2961.0,3.0,0.0740740740741,Barack Obama
2964.0,3.0,0.0909090909091,Barack Obama
2967.0,3.0,0.266666666667,Barack Obama
2970.0,3.0,0.0454545454545,Barack Obama
2973.0,3.0,0.260869565217,Barack Obama
2976.0,3.0,0.0571428571429,Barack Obama
2979.0,3.0,0.166666666667,Barack Obama
2982.0,3.0,0.0454545454545,Barack Obama
2985.0,3.0,0.272727272727,Barack Obama
2988.0,3.0,0.285714285714,Barack Obama
2991.0,3.0,0.0,Barack Obama
2994.0,3.0,0.1875,Barack Obama
2997.0,3.0,0.130434782609,Barack Obama
3000.0,3.0,0.131578947368,Barack Obama
3003.0,3.0,0.0967741935484,Barack Obama
3006.0,3.0,0.125,Barack Obama
3009.0,3.0,0.170731707317,Barack Obama
3012.0,3.0,0.0333333333333,Barack Obama
3015.0,3.0,0.111111111111,Barack Obama
3018.0,3.0,0.05,Barack Obama
3021.0,3.0,0.0526315789474,Barack Obama
3024.0,3.0,0.0666666666667,Barack Obama
3027.0,3.0,0.107142857143,Barack Obama
3030.0,3.0,0.0,Barack Obama
3033.0,3.0,0.25,Barack Obama
3036.0,3.0,0.142857142857,Barack Obama
3039.0,3.0,0.0,Barack Obama
3042.0,3.0,0.125,Barack Obama
3045.0,3.0,0.0,Barack Obama
3048.0,3.0,0.117647058824,Barack Obama
3051.0,3.0,0.0322580645161,Barack Obama
3054.0,3.0,0.0526315789474,Barack Obama
3057.0,3.0,0.0344827586207,Barack Obama
3060.0,3.0,0.166666666667,Barack Obama
3063.0,3.0,0.0666666666667,Barack Obama
3066.0,3.0,0.137931034483,Barack Obama
3069.0,3.0,0.0833333333333,Barack Obama
3072.0,3.0,0.0857142857143,Barack Obama
3075.0,3.0,0.25,Barack Obama
3078.0,3.0,0.178571428571,Barack Obama
3081.0,3.0,0.346153846154,Barack Obama
3084.0,3.0,0.128205128205,Barack Obama
3087.0,3.0,0.166666666667,Barack Obama
3090.0,3.0,0.222222222222,Barack Obama
3093.0,3.0,0.272727272727,Barack Obama
3096.0,3.0,0.193548387097,Barack Obama
3099.0,3.0,0.142857142857,Barack Obama
3102.0,3.0,0.0740740740741,Barack Obama
3105.0,3.0,0.0,Barack Obama
3108.0,3.0,0.12,Barack Obama
3111.0,3.0,0.0357142857143,Barack Obama
3114.0,3.0,0.0952380952381,Barack Obama
3117.0,3.0,0.0,Barack Obama
3120.0,3.0,0.0952380952381,Barack Obama
3123.0,3.0,0.105263157895,Barack Obama
3126.0,3.0,0.0526315789474,Barack Obama
3129.0,3.0,0.304347826087,Barack Obama
3132.0,3.0,0.5,Barack Obama
3135.0,3.0,0.333333333333,Barack Obama
3138.0,3.0,0.0,Barack Obama
3141.0,3.0,0.176470588235,Barack Obama
3144.0,3.0,0.384615384615,Barack Obama
3147.0,3.0,0.136363636364,Barack Obama
3150.0,3.0,0.352941176471,Barack Obama
3153.0,3.0,0.0909090909091,Barack Obama
3156.0,3.0,0.529411764706,Barack Obama
3159.0,3.0,0.25,Barack Obama
3162.0,3.0,0.176470588235,Barack Obama
3165.0,3.0,0.0769230769231,Barack Obama
3168.0,3.0,0.264705882353,Barack Obama
3171.0,3.0,0.181818181818,Barack Obama
3174.0,3.0,0.107142857143,Barack Obama
3177.0,3.0,0.0526315789474,Barack Obama
3180.0,3.0,0.206896551724,Barack Obama
3183.0,3.0,0.294117647059,Barack Obama
3186.0,3.0,0.0625,Barack Obama
3189.0,3.0,0.105263157895,Barack Obama
3192.0,3.0,0.04,Barack Obama
3195.0,3.0,0.190476190476,Barack Obama
3198.0,3.0,0.0,Barack Obama
3201.0,3.0,0.0,Barack Obama
3204.0,3.0,0.269230769231,Barack Obama
3207.0,3.0,0.125,Barack Obama
3210.0,3.0,0.0487804878049,Barack Obama
3213.0,3.0,0.0833333333333,Barack Obama
3216.0,3.0,0.138888888889,Barack Obama
3219.0,3.0,0.0625,Barack Obama
3222.0,3.0,0.36,Barack Obama
3225.0,3.0,0.0606060606061,Barack Obama
3228.0,3.0,0.0731707317073,Barack Obama
3231.0,3.0,0.0,Barack Obama
3234.0,3.0,0.1,Barack Obama
3237.0,3.0,0.157894736842,Barack Obama
3240.0,3.0,0.0344827586207,Barack Obama
3243.0,3.0,0.25,Barack Obama
3246.0,3.0,0.105263157895,Barack Obama
3249.0,3.0,0.0606060606061,Barack Obama
3252.0,3.0,0.142857142857,Barack Obama
3255.0,3.0,0.0769230769231,Barack Obama
3258.0,3.0,0.0571428571429,Barack Obama
3261.0,3.0,0.166666666667,Barack Obama
3264.0,3.0,0.0357142857143,Barack Obama
3267.0,3.0,0.0,Barack Obama
3270.0,3.0,0.285714285714,Barack Obama
3273.0,3.0,0.047619047619,Barack Obama
3276.0,3.0,0.105263157895,Barack Obama
3279.0,3.0,0.0975609756098,Barack Obama
3282.0,3.0,0.125,Barack Obama
3285.0,3.0,0.0,Barack Obama
3288.0,3.0,0.12,Barack Obama
3291.0,3.0,0.0740740740741,Barack Obama
3294.0,3.0,0.0909090909091,Barack Obama
3297.0,3.0,0.189189189189,Barack Obama
3300.0,3.0,0.153846153846,Barack Obama
3303.0,3.0,0.105263157895,Barack Obama
3306.0,3.0,0.0,Barack Obama
3309.0,3.0,0.161290322581,Barack Obama
3312.0,3.0,0.166666666667,Barack Obama
3315.0,3.0,0.0555555555556,Barack Obama
3318.0,3.0,0.0333333333333,Barack Obama
3321.0,3.0,0.0588235294118,Barack Obama
3324.0,3.0,0.0740740740741,Barack Obama
3327.0,3.0,0.04,Barack Obama
3330.0,3.0,0.111111111111,Barack Obama
3333.0,3.0,0.2,Barack Obama
3336.0,3.0,0.0625,Barack Obama
3339.0,3.0,0.275862068966,Barack Obama
3342.0,3.0,0.0512820512821,Barack Obama
3345.0,3.0,0.107142857143,Barack Obama
3348.0,3.0,0.125,Barack Obama
3351.0,3.0,0.0333333333333,Barack Obama
3354.0,3.0,0.0740740740741,Barack Obama
3357.0,3.0,0.137931034483,Barack Obama
3360.0,3.0,0.05,Barack Obama
3363.0,3.0,0.135135135135,Barack Obama
3366.0,3.0,0.0,Barack Obama
3369.0,3.0,0.0769230769231,Barack Obama
3372.0,3.0,0.030303030303,Barack Obama
3375.0,3.0,0.136363636364,Barack Obama
3378.0,3.0,0.2,Barack Obama
3381.0,3.0,0.272727272727,Barack Obama
3384.0,3.0,0.1875,Barack Obama
3387.0,3.0,0.0,Barack Obama
3390.0,3.0,0.0714285714286,Barack Obama
3393.0,3.0,0.0882352941176,Barack Obama
3396.0,3.0,0.125,Barack Obama
3399.0,3.0,0.0967741935484,Barack Obama
3402.0,3.0,0.119047619048,Barack Obama
3405.0,3.0,0.103448275862,Barack Obama
3408.0,3.0,0.04,Barack Obama
3411.0,3.0,0.138888888889,Barack Obama
3414.0,3.0,0.121212121212,Barack Obama
3417.0,3.0,0.0434782608696,Barack Obama
3420.0,3.0,0.0434782608696,Barack Obama
3423.0,3.0,0.0344827586207,Barack Obama
3426.0,3.0,0.1,Barack Obama
3429.0,3.0,0.115384615385,Barack Obama
3432.0,3.0,0.047619047619,Barack Obama
3435.0,3.0,0.08,Barack Obama
3438.0,3.0,0.129032258065,Barack Obama
3441.0,3.0,0.0,Barack Obama
3444.0,3.0,0.0731707317073,Barack Obama
3447.0,3.0,0.157894736842,Barack Obama
3450.0,3.0,0.0,Barack Obama
3453.0,3.0,0.0714285714286,Barack Obama
3456.0,3.0,0.282051282051,Barack Obama
3459.0,3.0,0.0285714285714,Barack Obama
3462.0,3.0,0.106382978723,Barack Obama
3465.0,3.0,0.0588235294118,Barack Obama
3468.0,3.0,0.0333333333333,Barack Obama
3471.0,3.0,0.102564102564,Barack Obama
3474.0,3.0,0.166666666667,Barack Obama
3477.0,3.0,0.025,Barack Obama
3480.0,3.0,0.173913043478,Barack Obama
3483.0,3.0,0.0512820512821,Barack Obama
3486.0,3.0,0.28125,Barack Obama
3489.0,3.0,0.0816326530612,Barack Obama
3492.0,3.0,0.0,Barack Obama
3495.0,3.0,0.0277777777778,Barack Obama
3498.0,3.0,0.0714285714286,Barack Obama
3501.0,3.0,0.0731707317073,Barack Obama
3504.0,3.0,0.151515151515,Barack Obama
3507.0,3.0,0.025,Barack Obama
3510.0,3.0,0.1,Barack Obama
3513.0,3.0,0.0212765957447,Barack Obama
3516.0,3.0,0.0,Barack Obama
3519.0,3.0,0.0,Barack Obama
3522.0,3.0,0.09375,Barack Obama
3525.0,3.0,0.0322580645161,Barack Obama
3528.0,3.0,0.0425531914894,Barack Obama
3531.0,3.0,0.0526315789474,Barack Obama
3534.0,3.0,0.0,Barack Obama
3537.0,3.0,0.162790697674,Barack Obama
3540.0,3.0,0.277777777778,Barack Obama
3543.0,3.0,0.0833333333333,Barack Obama
3546.0,3.0,0.166666666667,Barack Obama
3549.0,3.0,0.063829787234,Barack Obama
3552.0,3.0,0.0975609756098,Barack Obama
3555.0,3.0,0.173913043478,Barack Obama
3558.0,3.0,0.121212121212,Barack Obama
3561.0,3.0,0.0,Barack Obama
3564.0,3.0,0.0967741935484,Barack Obama
3567.0,3.0,0.08,Barack Obama
3570.0,3.0,0.0689655172414,Barack Obama
3573.0,3.0,0.09375,Barack Obama
3576.0,3.0,0.148148148148,Barack Obama
3579.0,3.0,0.0588235294118,Barack Obama
3582.0,3.0,0.04,Barack Obama
3585.0,3.0,0.0,Barack Obama
3588.0,3.0,0.0833333333333,Barack Obama
3591.0,3.0,0.037037037037,Barack Obama
3594.0,3.0,0.0217391304348,Barack Obama
3597.0,3.0,0.116279069767,Barack Obama
3600.0,3.0,0.0576923076923,Barack Obama
3603.0,3.0,0.1,Barack Obama
3606.0,3.0,0.5,Barack Obama
3609.0,3.0,0.047619047619,Barack Obama
3612.0,3.0,0.111111111111,Barack Obama
3615.0,3.0,0.0909090909091,Barack Obama
3618.0,3.0,0.137931034483,Barack Obama
3621.0,3.0,0.0,Barack Obama
3624.0,3.0,0.166666666667,Barack Obama
3627.0,3.0,0.2,Barack Obama
3630.0,3.0,0.08,Barack Obama
3633.0,3.0,0.212121212121,Barack Obama
3636.0,3.0,0.0769230769231,Barack Obama
3639.0,3.0,0.0,Barack Obama
3642.0,3.0,0.0909090909091,Barack Obama
3645.0,3.0,0.0909090909091,Barack Obama
3648.0,3.0,0.0666666666667,Barack Obama
3651.0,3.0,0.129032258065,Barack Obama
3654.0,3.0,0.151515151515,Barack Obama
3657.0,3.0,0.260869565217,Barack Obama
3660.0,3.0,0.0,Barack Obama
3663.0,3.0,0.1,Barack Obama
3666.0,3.0,0.0588235294118,Barack Obama
3669.0,3.0,0.162162162162,Barack Obama
3672.0,3.0,0.0526315789474,Barack Obama
3675.0,3.0,0.0645161290323,Barack Obama
3678.0,3.0,0.0,Barack Obama
3681.0,3.0,0.333333333333,Barack Obama
3684.0,3.0,0.131578947368,Barack Obama
3687.0,3.0,0.107142857143,Barack Obama
3690.0,3.0,0.147058823529,Barack Obama
3693.0,3.0,0.0666666666667,Barack Obama
3696.0,3.0,0.0909090909091,Barack Obama
3699.0,3.0,0.318181818182,Barack Obama
3702.0,3.0,0.0,Barack Obama
3705.0,3.0,0.075,Barack Obama
3708.0,3.0,0.0,Barack Obama
3711.0,3.0,0.0243902439024,Barack Obama
3714.0,3.0,0.212121212121,Barack Obama
3717.0,3.0,0.0952380952381,Barack Obama
3720.0,3.0,0.0,Barack Obama
3723.0,3.0,0.105263157895,Barack Obama
3726.0,3.0,0.153846153846,Barack Obama
3735.0,3.0,0.0,Barack Obama
3744.0,3.0,0.190476190476,Barack Obama
3747.0,3.0,0.0697674418605,Barack Obama
3750.0,3.0,0.105263157895,Barack Obama
3753.0,3.0,0.0,Barack Obama
3756.0,3.0,0.0217391304348,Barack Obama
3759.0,3.0,0.0740740740741,Barack Obama
3762.0,3.0,0.142857142857,Barack Obama
3765.0,3.0,0.0882352941176,Barack Obama
3768.0,3.0,0.078431372549,Barack Obama
3771.0,3.0,0.363636363636,Barack Obama
3774.0,3.0,0.633333333333,Barack Obama
3777.0,3.0,0.395833333333,Barack Obama
3780.0,3.0,0.5,Barack Obama
3783.0,3.0,0.43137254902,Barack Obama
3786.0,3.0,0.347826086957,Barack Obama
3789.0,3.0,0.151515151515,Barack Obama
3792.0,3.0,0.129032258065,Barack Obama
3795.0,3.0,0.137931034483,Barack Obama
3798.0,3.0,0.046511627907,Barack Obama
3801.0,3.0,0.129032258065,Barack Obama
3804.0,3.0,0.025641025641,Barack Obama
3807.0,3.0,0.0357142857143,Barack Obama
3810.0,3.0,0.0294117647059,Barack Obama
3813.0,3.0,0.0833333333333,Barack Obama
3816.0,3.0,0.0204081632653,Barack Obama
3819.0,3.0,0.0277777777778,Barack Obama
3822.0,3.0,0.1,Barack Obama
3825.0,3.0,0.0357142857143,Barack Obama
3828.0,3.0,0.117647058824,Barack Obama
3831.0,3.0,0.0377358490566,Barack Obama
3834.0,3.0,0.0697674418605,Barack Obama
3837.0,3.0,0.173913043478,Barack Obama
3840.0,3.0,0.0,Barack Obama
3843.0,3.0,0.05,Barack Obama
3846.0,3.0,0.142857142857,Barack Obama
3849.0,3.0,0.0816326530612,Barack Obama
3852.0,3.0,0.179487179487,Barack Obama
3855.0,3.0,0.136363636364,Barack Obama
3858.0,3.0,0.0571428571429,Barack Obama
3861.0,3.0,0.0357142857143,Barack Obama
3864.0,3.0,0.030303030303,Barack Obama
3867.0,3.0,0.0212765957447,Barack Obama
3870.0,3.0,0.0645161290323,Barack Obama
3873.0,3.0,0.0540540540541,Barack Obama
3876.0,3.0,0.0,Barack Obama
3879.0,3.0,0.166666666667,Barack Obama
3882.0,3.0,0.0754716981132,Barack Obama
3885.0,3.0,0.218181818182,Barack Obama
3888.0,3.0,0.117647058824,Barack Obama
3891.0,3.0,0.203703703704,Barack Obama
3894.0,3.0,0.103448275862,Barack Obama
3897.0,3.0,0.078125,Barack Obama
3900.0,3.0,0.0,Barack Obama
3903.0,3.0,0.0227272727273,Barack Obama
3906.0,3.0,0.259259259259,Barack Obama
3909.0,3.0,0.357142857143,Barack Obama
3912.0,3.0,0.135135135135,Barack Obama
3915.0,3.0,0.0769230769231,Barack Obama
3918.0,3.0,0.135135135135,Barack Obama
3921.0,3.0,0.147058823529,Barack Obama
3924.0,3.0,0.236842105263,Barack Obama
3927.0,3.0,0.0416666666667,Barack Obama
3930.0,3.0,0.0217391304348,Barack Obama
3933.0,3.0,0.310344827586,Barack Obama
3936.0,3.0,0.481481481481,Barack Obama
3939.0,3.0,0.272727272727,Barack Obama
3942.0,3.0,0.285714285714,Barack Obama
3945.0,3.0,0.238095238095,Barack Obama
3948.0,3.0,0.241379310345,Barack Obama
3951.0,3.0,0.130434782609,Barack Obama
3954.0,3.0,0.0943396226415,Barack Obama
3957.0,3.0,0.162790697674,Barack Obama
3960.0,3.0,0.133333333333,Barack Obama
3963.0,3.0,0.0769230769231,Barack Obama
3966.0,3.0,0.0434782608696,Barack Obama
3969.0,3.0,0.0943396226415,Barack Obama
3972.0,3.0,0.08,Barack Obama
3975.0,3.0,0.114754098361,Barack Obama
3978.0,3.0,0.190476190476,Barack Obama
3981.0,3.0,0.0588235294118,Barack Obama
3984.0,3.0,0.102564102564,Barack Obama
3987.0,3.0,0.111111111111,Barack Obama
3990.0,3.0,0.0789473684211,Barack Obama
3993.0,3.0,0.0833333333333,Barack Obama
3996.0,3.0,0.5,Barack Obama
3999.0,3.0,0.153846153846,Barack Obama
4002.0,3.0,0.0,Barack Obama
4005.0,3.0,0.0,Barack Obama
4008.0,3.0,0.0909090909091,Barack Obama
4011.0,3.0,0.0,Barack Obama
4014.0,3.0,0.0,Barack Obama
4017.0,3.0,0.0740740740741,Barack Obama
4020.0,3.0,0.162790697674,Barack Obama
4023.0,3.0,0.0416666666667,Barack Obama
4026.0,3.0,0.0285714285714,Barack Obama
4029.0,3.0,0.1,Barack Obama
4032.0,3.0,0.0263157894737,Barack Obama
4035.0,3.0,0.0333333333333,Barack Obama
4038.0,3.0,0.136363636364,Barack Obama
4041.0,3.0,0.2,Barack Obama
4044.0,3.0,0.125,Barack Obama
4047.0,3.0,0.0322580645161,Barack Obama
4050.0,3.0,0.0545454545455,Barack Obama
4053.0,3.0,0.0,Barack Obama
4056.0,3.0,0.304347826087,Barack Obama
4059.0,3.0,0.0,Barack Obama
4062.0,3.0,0.115384615385,Barack Obama
4065.0,3.0,0.05,Barack Obama
4068.0,3.0,0.0,Barack Obama
4071.0,3.0,0.0,Barack Obama
4074.0,3.0,0.0588235294118,Barack Obama
4077.0,3.0,0.047619047619,Barack Obama
4080.0,3.0,0.115384615385,Barack Obama
4083.0,3.0,0.0434782608696,Barack Obama
4086.0,3.0,0.0555555555556,Barack Obama
4089.0,3.0,0.0178571428571,Barack Obama
4092.0,3.0,0.2,Barack Obama
4095.0,3.0,0.0851063829787,Barack Obama
4098.0,3.0,0.140350877193,Barack Obama
4101.0,3.0,0.0625,Barack Obama
4104.0,3.0,0.0588235294118,Barack Obama
4107.0,3.0,0.02,Barack Obama
4110.0,3.0,0.0,Barack Obama
4113.0,3.0,0.0888888888889,Barack Obama
4116.0,3.0,0.185185185185,Barack Obama
4119.0,3.0,0.122448979592,Barack Obama
4122.0,3.0,0.03125,Barack Obama
4125.0,3.0,0.0,Barack Obama
4128.0,3.0,0.116279069767,Barack Obama
4131.0,3.0,0.02,Barack Obama
4134.0,3.0,0.0909090909091,Barack Obama
4137.0,3.0,0.0816326530612,Barack Obama
4140.0,3.0,0.148936170213,Barack Obama
4143.0,3.0,0.0,Barack Obama
4146.0,3.0,0.127659574468,Barack Obama
4149.0,3.0,0.0909090909091,Barack Obama
4152.0,3.0,0.15625,Barack Obama
4155.0,3.0,0.0555555555556,Barack Obama
4158.0,3.0,0.0625,Barack Obama
4161.0,3.0,0.134615384615,Barack Obama
4164.0,3.0,0.16,Barack Obama
4167.0,3.0,0.0731707317073,Barack Obama
4170.0,3.0,0.0277777777778,Barack Obama
4173.0,3.0,0.4,Barack Obama
4176.0,3.0,0.0769230769231,Barack Obama
4179.0,3.0,0.03125,Barack Obama
4182.0,3.0,0.0232558139535,Barack Obama
4185.0,3.0,0.0,Barack Obama
4188.0,3.0,0.233333333333,Barack Obama
4191.0,3.0,0.114285714286,Barack Obama
4194.0,3.0,0.046511627907,Barack Obama
4197.0,3.0,0.04,Barack Obama
4200.0,3.0,0.106382978723,Barack Obama
4203.0,3.0,0.0,Barack Obama
4206.0,3.0,0.0238095238095,Barack Obama
4209.0,3.0,0.105263157895,Barack Obama
4212.0,3.0,0.137931034483,Barack Obama
4215.0,3.0,0.0606060606061,Barack Obama
4218.0,3.0,0.162162162162,Barack Obama
4221.0,3.0,0.0769230769231,Barack Obama
4224.0,3.0,0.130434782609,Barack Obama
4227.0,3.0,0.1,Barack Obama
4230.0,3.0,0.111111111111,Barack Obama
4233.0,3.0,0.0,Barack Obama
4236.0,3.0,0.194444444444,Barack Obama
4239.0,3.0,0.117647058824,Barack Obama
4242.0,3.0,0.125,Barack Obama
4245.0,3.0,0.0697674418605,Barack Obama
4248.0,3.0,0.0888888888889,Barack Obama
4251.0,3.0,0.176470588235,Barack Obama
4254.0,3.0,0.114285714286,Barack Obama
4257.0,3.0,0.0285714285714,Barack Obama
4260.0,3.0,0.162790697674,Barack Obama
4263.0,3.0,0.129032258065,Barack Obama
4266.0,3.0,0.120689655172,Barack Obama
4269.0,3.0,0.111111111111,Barack Obama
4272.0,3.0,0.04,Barack Obama
4275.0,3.0,0.153846153846,Barack Obama
4278.0,3.0,0.294117647059,Barack Obama
4281.0,3.0,0.0731707317073,Barack Obama
4284.0,3.0,0.104166666667,Barack Obama
4287.0,3.0,0.0,Barack Obama
4290.0,3.0,0.205128205128,Barack Obama
4293.0,3.0,0.0294117647059,Barack Obama
4296.0,3.0,0.0625,Barack Obama
4299.0,3.0,0.117647058824,Barack Obama
4302.0,3.0,0.166666666667,Barack Obama
4305.0,3.0,0.093023255814,Barack Obama
4308.0,3.0,0.0540540540541,Barack Obama
4311.0,3.0,0.166666666667,Barack Obama
4314.0,3.0,0.135135135135,Barack Obama
4317.0,3.0,0.12962962963,Barack Obama
4320.0,3.0,0.225,Barack Obama
4323.0,3.0,0.111111111111,Barack Obama
4326.0,3.0,0.0588235294118,Barack Obama
4329.0,3.0,0.0,Barack Obama
4332.0,3.0,0.12,Barack Obama
4335.0,3.0,0.2,Barack Obama
4338.0,3.0,0.0,Barack Obama
4341.0,3.0,0.276595744681,Barack Obama
4344.0,3.0,0.0666666666667,Barack Obama
4347.0,3.0,0.404761904762,Barack Obama
4350.0,3.0,0.134615384615,Barack Obama
4353.0,3.0,0.0851063829787,Barack Obama
4356.0,3.0,0.2,Barack Obama
4359.0,3.0,0.0526315789474,Barack Obama
4362.0,3.0,0.0869565217391,Barack Obama
4365.0,3.0,0.0,Barack Obama
4368.0,3.0,0.0,Barack Obama
4371.0,3.0,0.135135135135,Barack Obama
4374.0,3.0,0.0833333333333,Barack Obama
4377.0,3.0,0.0,Barack Obama
4380.0,3.0,0.093023255814,Barack Obama
4383.0,3.0,0.2,Barack Obama
4386.0,3.0,0.171428571429,Barack Obama
4389.0,3.0,0.0909090909091,Barack Obama
4392.0,3.0,0.0,Barack Obama
4395.0,3.0,0.259259259259,Barack Obama
4398.0,3.0,0.243902439024,Barack Obama
4401.0,3.0,0.210526315789,Barack Obama
4404.0,3.0,0.161290322581,Barack Obama
4407.0,3.0,0.063829787234,Barack Obama
4410.0,3.0,0.129032258065,Barack Obama
4413.0,3.0,0.121951219512,Barack Obama
4416.0,3.0,0.266666666667,Barack Obama
4419.0,3.0,0.2,Barack Obama
4422.0,3.0,0.140350877193,Barack Obama
4425.0,3.0,0.0769230769231,Barack Obama
4428.0,3.0,0.125,Barack Obama
4431.0,3.0,0.0333333333333,Barack Obama
4434.0,3.0,0.157894736842,Barack Obama
4437.0,3.0,0.210526315789,Barack Obama
4440.0,3.0,0.0,Barack Obama
4443.0,3.0,0.0652173913043,Barack Obama
4446.0,3.0,0.0740740740741,Barack Obama
4449.0,3.0,0.2,Barack Obama
4452.0,3.0,0.309523809524,Barack Obama
4455.0,3.0,0.142857142857,Barack Obama
4458.0,3.0,0.136363636364,Barack Obama
4461.0,3.0,0.178571428571,Barack Obama
4464.0,3.0,0.0892857142857,Barack Obama
4467.0,3.0,0.0,Barack Obama
4470.0,3.0,0.05,Barack Obama
4473.0,3.0,0.0454545454545,Barack Obama
4476.0,3.0,0.0588235294118,Barack Obama
4479.0,3.0,0.0,Barack Obama
4482.0,3.0,0.255813953488,Barack Obama
4485.0,3.0,0.0909090909091,Barack Obama
4488.0,3.0,0.063829787234,Barack Obama
4491.0,3.0,0.093023255814,Barack Obama
4494.0,3.0,0.121951219512,Barack Obama
4497.0,3.0,0.181818181818,Barack Obama
4500.0,3.0,0.1,Barack Obama
4503.0,3.0,0.133333333333,Barack Obama
4506.0,3.0,0.030303030303,Barack Obama
4509.0,3.0,0.05,Barack Obama
4512.0,3.0,0.157894736842,Barack Obama
4515.0,3.0,0.0,Barack Obama
4518.0,3.0,0.128205128205,Barack Obama
4521.0,3.0,0.1,Barack Obama
4524.0,3.0,0.030303030303,Barack Obama
4527.0,3.0,0.0277777777778,Barack Obama
4530.0,3.0,0.0555555555556,Barack Obama
4533.0,3.0,0.24,Barack Obama
4536.0,3.0,0.0689655172414,Barack Obama
4539.0,3.0,0.206896551724,Barack Obama
4542.0,3.0,0.114285714286,Barack Obama
4545.0,3.0,0.106382978723,Barack Obama
4548.0,3.0,0.0,Barack Obama
4551.0,3.0,0.05,Barack Obama
4554.0,3.0,0.137931034483,Barack Obama
4557.0,3.0,0.078431372549,Barack Obama
4560.0,3.0,0.294117647059,Barack Obama
4563.0,3.0,0.129032258065,Barack Obama
4566.0,3.0,0.189189189189,Barack Obama
4569.0,3.0,0.0952380952381,Barack Obama
4572.0,3.0,0.128205128205,Barack Obama
4575.0,3.0,0.04,Barack Obama
4578.0,3.0,0.0,Barack Obama
4581.0,3.0,0.108108108108,Barack Obama
4584.0,3.0,0.0606060606061,Barack Obama
4587.0,3.0,0.148148148148,Barack Obama
4590.0,3.0,0.108108108108,Barack Obama
4593.0,3.0,0.0882352941176,Barack Obama
4596.0,3.0,0.0769230769231,Barack Obama
4599.0,3.0,0.0666666666667,Barack Obama
4602.0,3.0,0.125,Barack Obama
4605.0,3.0,0.105263157895,Barack Obama
4608.0,3.0,0.0714285714286,Barack Obama
4611.0,3.0,0.125,Barack Obama
4614.0,3.0,0.0606060606061,Barack Obama
4617.0,3.0,0.0888888888889,Barack Obama
4620.0,3.0,0.25,Barack Obama
4623.0,3.0,0.0731707317073,Barack Obama
4626.0,3.0,0.0,Barack Obama
4629.0,3.0,0.0975609756098,Barack Obama
4632.0,3.0,0.0714285714286,Barack Obama
4635.0,3.0,0.0294117647059,Barack Obama
4638.0,3.0,0.216216216216,Barack Obama
4641.0,3.0,0.216216216216,Barack Obama
4644.0,3.0,0.153846153846,Barack Obama
4647.0,3.0,0.111111111111,Barack Obama
4650.0,3.0,0.0434782608696,Barack Obama
4653.0,3.0,0.384615384615,Barack Obama
4656.0,3.0,0.12,Barack Obama
4659.0,3.0,0.0909090909091,Barack Obama
4662.0,3.0,0.0588235294118,Barack Obama
4665.0,3.0,0.16,Barack Obama
4668.0,3.0,0.0851063829787,Barack Obama
4671.0,3.0,0.194444444444,Barack Obama
4674.0,3.0,0.204545454545,Barack Obama
4677.0,3.0,0.214285714286,Barack Obama
4680.0,3.0,0.391304347826,Barack Obama
4683.0,3.0,0.0625,Barack Obama
4686.0,3.0,0.0540540540541,Barack Obama
4689.0,3.0,0.0526315789474,Barack Obama
4692.0,3.0,0.0333333333333,Barack Obama
4695.0,3.0,0.103448275862,Barack Obama
4698.0,3.0,0.16,Barack Obama
4701.0,3.0,0.108108108108,Barack Obama
4704.0,3.0,0.09375,Barack Obama
4707.0,3.0,0.142857142857,Barack Obama
4710.0,3.0,0.297297297297,Barack Obama
4713.0,3.0,0.105263157895,Barack Obama
4716.0,3.0,0.08,Barack Obama
4719.0,3.0,0.137931034483,Barack Obama
4722.0,3.0,0.0243902439024,Barack Obama
4725.0,3.0,0.0,Barack Obama
4728.0,3.0,0.0961538461538,Barack Obama
4731.0,3.0,0.257142857143,Barack Obama
4734.0,3.0,0.0740740740741,Barack Obama
4737.0,3.0,0.04,Barack Obama
4740.0,3.0,0.137254901961,Barack Obama
4743.0,3.0,0.0,Barack Obama
4746.0,3.0,0.152173913043,Barack Obama
4749.0,3.0,0.189189189189,Barack Obama
4752.0,3.0,0.025641025641,Barack Obama
4755.0,3.0,0.176470588235,Barack Obama
4758.0,3.0,0.133333333333,Barack Obama
4761.0,3.0,0.0975609756098,Barack Obama
4764.0,3.0,0.138888888889,Barack Obama
4767.0,3.0,0.181818181818,Barack Obama
4770.0,3.0,0.190476190476,Barack Obama
4773.0,3.0,0.075,Barack Obama
4776.0,3.0,0.170212765957,Barack Obama
4779.0,3.0,0.0666666666667,Barack Obama
4782.0,3.0,0.242424242424,Barack Obama
4785.0,3.0,0.0540540540541,Barack Obama
4788.0,3.0,0.157894736842,Barack Obama
4791.0,3.0,0.0,Barack Obama
4794.0,3.0,0.075,Barack Obama
4797.0,3.0,0.0588235294118,Barack Obama
4800.0,3.0,0.209302325581,Barack Obama
4803.0,3.0,0.181818181818,Barack Obama
4806.0,3.0,0.227272727273,Barack Obama
4809.0,3.0,0.125,Barack Obama
4812.0,3.0,0.15625,Barack Obama
4815.0,3.0,0.243243243243,Barack Obama
4818.0,3.0,0.136363636364,Barack Obama
4821.0,3.0,0.1,Barack Obama
4824.0,3.0,0.0555555555556,Barack Obama
4827.0,3.0,0.146341463415,Barack Obama
4830.0,3.0,0.0243902439024,Barack Obama
4833.0,3.0,0.214285714286,Barack Obama
4836.0,3.0,0.125,Barack Obama
4839.0,3.0,0.119047619048,Barack Obama
4842.0,3.0,0.1,Barack Obama
4845.0,3.0,0.166666666667,Barack Obama
4848.0,3.0,0.0980392156863,Barack Obama
4851.0,3.0,0.0344827586207,Barack Obama
4854.0,3.0,0.12,Barack Obama
4857.0,3.0,0.0816326530612,Barack Obama
4860.0,3.0,0.0967741935484,Barack Obama
4863.0,3.0,0.103448275862,Barack Obama
4866.0,3.0,0.266666666667,Barack Obama
4869.0,3.0,0.0294117647059,Barack Obama
4872.0,3.0,0.155555555556,Barack Obama
4875.0,3.0,0.0,Barack Obama
4878.0,3.0,0.128205128205,Barack Obama
4881.0,3.0,0.192307692308,Barack Obama
4884.0,3.0,0.0714285714286,Barack Obama
4887.0,3.0,0.290322580645,Barack Obama
4890.0,3.0,0.0606060606061,Barack Obama
4893.0,3.0,0.0769230769231,Barack Obama
4896.0,3.0,0.0882352941176,Barack Obama
4899.0,3.0,0.222222222222,Barack Obama
4902.0,3.0,0.342105263158,Barack Obama
4905.0,3.0,0.276595744681,Barack Obama
4908.0,3.0,0.102564102564,Barack Obama
4911.0,3.0,0.0294117647059,Barack Obama
4914.0,3.0,0.0645161290323,Barack Obama
4917.0,3.0,0.2,Barack Obama
4920.0,3.0,0.0967741935484,Barack Obama
4923.0,3.0,0.037037037037,Barack Obama
4926.0,3.0,0.181818181818,Barack Obama
4929.0,3.0,0.147058823529,Barack Obama
4932.0,3.0,0.0454545454545,Barack Obama
4935.0,3.0,0.0833333333333,Barack Obama
4938.0,3.0,0.1,Barack Obama
4941.0,3.0,0.25,Barack Obama
4944.0,3.0,0.211538461538,Barack Obama
4947.0,3.0,0.0,Barack Obama
4950.0,3.0,0.153846153846,Barack Obama
4953.0,3.0,0.219512195122,Barack Obama
4956.0,3.0,0.0769230769231,Barack Obama
4959.0,3.0,0.25,Barack Obama
4962.0,3.0,0.162162162162,Barack Obama
4965.0,3.0,0.3,Barack Obama
4968.0,3.0,0.51724137931,Barack Obama
4971.0,3.0,0.0526315789474,Barack Obama
4974.0,3.0,0.27027027027,Barack Obama
4977.0,3.0,0.102564102564,Barack Obama
4980.0,3.0,0.122807017544,Barack Obama
4983.0,3.0,0.148148148148,Barack Obama
4986.0,3.0,0.11320754717,Barack Obama
4989.0,3.0,0.0322580645161,Barack Obama
4992.0,3.0,0.0769230769231,Barack Obama
4995.0,3.0,0.222222222222,Barack Obama
4998.0,3.0,0.119047619048,Barack Obama
5001.0,3.0,0.204545454545,Barack Obama
5004.0,3.0,0.333333333333,Barack Obama
5007.0,3.0,0.190476190476,Barack Obama
5010.0,3.0,0.03125,Barack Obama
5013.0,3.0,0.204545454545,Barack Obama
5016.0,3.0,0.119047619048,Barack Obama
5019.0,3.0,0.181818181818,Barack Obama
5022.0,3.0,0.136363636364,Barack Obama
5025.0,3.0,0.161290322581,Barack Obama
5028.0,3.0,0.0227272727273,Barack Obama
5031.0,3.0,0.339285714286,Barack Obama
5034.0,3.0,0.315789473684,Barack Obama
5037.0,3.0,0.25,Barack Obama
5040.0,3.0,0.137931034483,Barack Obama
5043.0,3.0,0.32,Barack Obama
5046.0,3.0,0.0652173913043,Barack Obama
5049.0,3.0,0.2,Barack Obama
5052.0,3.0,0.0909090909091,Barack Obama
5064.0,3.0,0.294117647059,Barack Obama
5067.0,3.0,0.2,Barack Obama
5070.0,3.0,0.105263157895,Barack Obama
5073.0,3.0,0.0,Barack Obama
5076.0,3.0,0.0652173913043,Barack Obama
5079.0,3.0,0.025,Barack Obama
5082.0,3.0,0.0416666666667,Barack Obama
5085.0,3.0,0.0196078431373,Barack Obama
5088.0,3.0,0.0625,Barack Obama
5091.0,3.0,0.0612244897959,Barack Obama
5094.0,3.0,0.0769230769231,Barack Obama
5097.0,3.0,0.037037037037,Barack Obama
5100.0,3.0,0.047619047619,Barack Obama
5103.0,3.0,0.0,Barack Obama
5106.0,3.0,0.0892857142857,Barack Obama
5109.0,3.0,0.0769230769231,Barack Obama
5112.0,3.0,0.0,Barack Obama
5115.0,3.0,0.264705882353,Barack Obama
5118.0,3.0,0.125,Barack Obama
5121.0,3.0,0.297297297297,Barack Obama
5124.0,3.0,0.133333333333,Barack Obama
5127.0,3.0,0.27027027027,Barack Obama
5130.0,3.0,0.0512820512821,Barack Obama
5133.0,3.0,0.0851063829787,Barack Obama
5136.0,3.0,0.18,Barack Obama
5139.0,3.0,0.0810810810811,Barack Obama
5142.0,3.0,0.130434782609,Barack Obama
5145.0,3.0,0.157894736842,Barack Obama
5148.0,3.0,0.186046511628,Barack Obama
5151.0,3.0,0.219512195122,Barack Obama
5154.0,3.0,0.0526315789474,Barack Obama
5157.0,3.0,0.170212765957,Barack Obama
5160.0,3.0,0.188679245283,Barack Obama
5163.0,3.0,0.0454545454545,Barack Obama
5166.0,3.0,0.318181818182,Barack Obama
5169.0,3.0,0.1,Barack Obama
5172.0,3.0,0.0882352941176,Barack Obama
5175.0,3.0,0.0217391304348,Barack Obama
5178.0,3.0,0.261904761905,Barack Obama
5181.0,3.0,0.155172413793,Barack Obama
5184.0,3.0,0.243902439024,Barack Obama
5187.0,3.0,0.139534883721,Barack Obama
5190.0,3.0,0.194444444444,Barack Obama
5193.0,3.0,0.210526315789,Barack Obama
5196.0,3.0,0.0789473684211,Barack Obama
5199.0,3.0,0.280701754386,Barack Obama
5202.0,3.0,0.0,Barack Obama
5205.0,3.0,0.317073170732,Barack Obama
5208.0,3.0,0.162162162162,Barack Obama
5211.0,3.0,0.170731707317,Barack Obama
5214.0,3.0,0.222222222222,Barack Obama
5220.0,3.0,0.131578947368,Barack Obama
5223.0,3.0,0.131578947368,Barack Obama
5226.0,3.0,0.0,Barack Obama
5235.0,3.0,0.157894736842,Barack Obama
5238.0,3.0,0.0869565217391,Barack Obama
5241.0,3.0,0.268292682927,Barack Obama
5244.0,3.0,0.545454545455,Barack Obama
5247.0,3.0,0.244444444444,Barack Obama
5250.0,3.0,0.243902439024,Barack Obama
5253.0,3.0,0.285714285714,Barack Obama
5256.0,3.0,0.411764705882,Barack Obama
5259.0,3.0,0.207547169811,Barack Obama
5262.0,3.0,0.212121212121,Barack Obama
5265.0,3.0,0.347826086957,Barack Obama
5268.0,3.0,0.292682926829,Barack Obama
5271.0,3.0,0.490196078431,Barack Obama
5274.0,3.0,0.208333333333,Barack Obama
5277.0,3.0,0.590909090909,Barack Obama
5280.0,3.0,0.311111111111,Barack Obama
5283.0,3.0,0.642857142857,Barack Obama
5286.0,3.0,0.285714285714,Barack Obama
5289.0,3.0,0.441176470588,Barack Obama
5292.0,3.0,0.153846153846,Barack Obama
5295.0,3.0,0.428571428571,Barack Obama
5298.0,3.0,0.237288135593,Barack Obama
5301.0,3.0,0.25,Barack Obama
5304.0,3.0,0.205128205128,Barack Obama
5307.0,3.0,0.383333333333,Barack Obama
5310.0,3.0,0.244897959184,Barack Obama
5313.0,3.0,0.301886792453,Barack Obama
5316.0,3.0,0.3125,Barack Obama
5319.0,3.0,0.0975609756098,Barack Obama
5322.0,3.0,0.0,Barack Obama
5325.0,3.0,0.227272727273,Barack Obama
5328.0,3.0,0.239130434783,Barack Obama
5331.0,3.0,0.2,Barack Obama
5334.0,3.0,0.366666666667,Barack Obama
5337.0,3.0,0.258064516129,Barack Obama
5340.0,3.0,0.0178571428571,Barack Obama
5343.0,3.0,0.181818181818,Barack Obama
5346.0,3.0,0.0731707317073,Barack Obama
5349.0,3.0,0.222222222222,Barack Obama
5352.0,3.0,0.148148148148,Barack Obama
5355.0,3.0,0.0851063829787,Barack Obama
5358.0,3.0,0.176470588235,Barack Obama
5361.0,3.0,0.169811320755,Barack Obama
5364.0,3.0,0.162162162162,Barack Obama
5367.0,3.0,0.163265306122,Barack Obama
5370.0,3.0,0.2,Barack Obama
5373.0,3.0,0.117647058824,Barack Obama
5376.0,3.0,0.1,Barack Obama
5379.0,3.0,0.25,Barack Obama
5382.0,3.0,0.423076923077,Barack Obama
5385.0,3.0,0.16393442623,Barack Obama
5388.0,3.0,0.0652173913043,Barack Obama
5391.0,3.0,0.272727272727,Barack Obama
5394.0,3.0,0.230769230769,Barack Obama
5397.0,3.0,0.257142857143,Barack Obama
5400.0,3.0,0.266666666667,Barack Obama
5403.0,3.0,0.172413793103,Barack Obama
5406.0,3.0,0.155555555556,Barack Obama
5409.0,3.0,0.435897435897,Barack Obama
5412.0,3.0,0.28125,Barack Obama
5415.0,3.0,0.357142857143,Barack Obama
5418.0,3.0,0.0408163265306,Barack Obama
5421.0,3.0,0.235294117647,Barack Obama
5424.0,3.0,0.163636363636,Barack Obama
5427.0,3.0,0.0,Barack Obama
5430.0,3.0,0.0512820512821,Barack Obama
5433.0,3.0,0.0833333333333,Barack Obama
5436.0,3.0,0.114285714286,Barack Obama
5439.0,3.0,0.325,Barack Obama
5442.0,3.0,0.142857142857,Barack Obama
5445.0,3.0,0.272727272727,Barack Obama
5448.0,3.0,0.511627906977,Barack Obama
5451.0,3.0,0.446808510638,Barack Obama
5454.0,3.0,0.148148148148,Barack Obama
5457.0,3.0,0.05,Barack Obama
5460.0,3.0,0.0392156862745,Barack Obama
5463.0,3.0,0.111111111111,Barack Obama
5466.0,3.0,0.153846153846,Barack Obama
5469.0,3.0,0.0,Barack Obama
5472.0,3.0,0.204081632653,Barack Obama
5475.0,3.0,0.179487179487,Barack Obama
5478.0,3.0,0.0869565217391,Barack Obama
5481.0,3.0,0.027027027027,Barack Obama
5484.0,3.0,0.390243902439,Barack Obama
5487.0,3.0,0.255813953488,Barack Obama
5490.0,3.0,0.185185185185,Barack Obama
5493.0,3.0,0.177777777778,Barack Obama
5496.0,3.0,0.209302325581,Barack Obama
5499.0,3.0,0.105263157895,Barack Obama
5502.0,3.0,0.102040816327,Barack Obama
5505.0,3.0,0.108695652174,Barack Obama
5508.0,3.0,0.142857142857,Barack Obama
5511.0,3.0,0.219512195122,Barack Obama
5514.0,3.0,0.05,Barack Obama
5517.0,3.0,0.111111111111,Barack Obama
5520.0,3.0,0.232558139535,Barack Obama
5523.0,3.0,0.09375,Barack Obama
5526.0,3.0,0.05,Barack Obama
5529.0,3.0,0.0697674418605,Barack Obama
5532.0,3.0,0.0232558139535,Barack Obama
5535.0,3.0,0.0434782608696,Barack Obama
5538.0,3.0,0.15,Barack Obama
5541.0,3.0,0.2,Barack Obama
5544.0,3.0,0.04,Barack Obama
5547.0,3.0,0.32,Barack Obama
5550.0,3.0,0.478260869565,Barack Obama
5553.0,3.0,0.137931034483,Barack Obama
5556.0,3.0,0.5,Barack Obama
5559.0,3.0,0.142857142857,Barack Obama
5562.0,3.0,0.2,Barack Obama
5565.0,3.0,0.0526315789474,Barack Obama
5568.0,3.0,0.212121212121,Barack Obama
5571.0,3.0,0.142857142857,Barack Obama
5574.0,3.0,0.326086956522,Barack Obama
5577.0,3.0,0.113636363636,Barack Obama
5580.0,3.0,0.264150943396,Barack Obama
5583.0,3.0,0.218181818182,Barack Obama
5586.0,3.0,0.170212765957,Barack Obama
5589.0,3.0,0.225,Barack Obama
5592.0,3.0,0.0909090909091,Barack Obama
5595.0,3.0,0.0625,Barack Obama
5598.0,3.0,0.0714285714286,Barack Obama
5601.0,3.0,0.136363636364,Barack Obama
5604.0,3.0,0.22,Barack Obama
5607.0,3.0,0.176470588235,Barack Obama
5610.0,3.0,0.173913043478,Barack Obama
5613.0,3.0,0.195652173913,Barack Obama
5616.0,3.0,0.3,Barack Obama
5619.0,3.0,0.113636363636,Barack Obama
5622.0,3.0,0.255813953488,Barack Obama
5625.0,3.0,0.0625,Barack Obama
5628.0,3.0,0.392857142857,Barack Obama
5631.0,3.0,0.244444444444,Barack Obama
5634.0,3.0,0.172413793103,Barack Obama
5637.0,3.0,0.333333333333,Barack Obama
5640.0,3.0,0.025,Barack Obama
5643.0,3.0,0.0,Barack Obama
5646.0,3.0,0.3125,Barack Obama
5649.0,3.0,0.0819672131148,Barack Obama
5652.0,3.0,0.12962962963,Barack Obama
5655.0,3.0,0.358974358974,Barack Obama
5658.0,3.0,0.230769230769,Barack Obama
5661.0,3.0,0.19512195122,Barack Obama
5664.0,3.0,0.137254901961,Barack Obama
5667.0,3.0,0.142857142857,Barack Obama
5670.0,3.0,0.0333333333333,Barack Obama
5673.0,3.0,0.12962962963,Barack Obama
5676.0,3.0,0.105263157895,Barack Obama
5679.0,3.0,0.135135135135,Barack Obama
5682.0,3.0,0.146341463415,Barack Obama
5685.0,3.0,0.166666666667,Barack Obama
5688.0,3.0,0.264150943396,Barack Obama
5691.0,3.0,0.224137931034,Barack Obama
5694.0,3.0,0.0294117647059,Barack Obama
5697.0,3.0,0.285714285714,Barack Obama
5700.0,3.0,0.191489361702,Barack Obama
5703.0,3.0,0.260869565217,Barack Obama
5706.0,3.0,0.48,Barack Obama
5709.0,3.0,0.3,Barack Obama
5712.0,3.0,0.142857142857,Barack Obama
5715.0,3.0,0.277777777778,Barack Obama
5718.0,3.0,0.0833333333333,Barack Obama
5721.0,3.0,0.192307692308,Barack Obama
5724.0,3.0,0.233333333333,Barack Obama
5727.0,3.0,0.0967741935484,Barack Obama
5730.0,3.0,0.2,Barack Obama
5733.0,3.0,0.1,Barack Obama
5736.0,3.0,0.102564102564,Barack Obama
5739.0,3.0,0.268292682927,Barack Obama
5742.0,3.0,0.395833333333,Barack Obama
5745.0,3.0,0.232142857143,Barack Obama
5748.0,3.0,0.243902439024,Barack Obama
5751.0,3.0,0.16,Barack Obama
5754.0,3.0,0.222222222222,Barack Obama
5757.0,3.0,0.162790697674,Barack Obama
5760.0,3.0,0.0277777777778,Barack Obama
5763.0,3.0,0.130434782609,Barack Obama
5766.0,3.0,0.181818181818,Barack Obama
5769.0,3.0,0.161290322581,Barack Obama
5772.0,3.0,0.367346938776,Barack Obama
5775.0,3.0,0.108695652174,Barack Obama
5778.0,3.0,0.185185185185,Barack Obama
5781.0,3.0,0.166666666667,Barack Obama
5784.0,3.0,0.195652173913,Barack Obama
5787.0,3.0,0.233333333333,Barack Obama
5790.0,3.0,0.181818181818,Barack Obama
5793.0,3.0,0.325581395349,Barack Obama
5796.0,3.0,0.138888888889,Barack Obama
5799.0,3.0,0.0882352941176,Barack Obama
5802.0,3.0,0.292682926829,Barack Obama
5805.0,3.0,0.277777777778,Barack Obama
5808.0,3.0,0.166666666667,Barack Obama
5811.0,3.0,0.0789473684211,Barack Obama
5814.0,3.0,0.25,Barack Obama
5817.0,3.0,0.0,Barack Obama
5820.0,3.0,0.388888888889,Barack Obama
5823.0,3.0,0.5,Barack Obama
5826.0,3.0,0.369565217391,Barack Obama
5829.0,3.0,0.285714285714,Barack Obama
5832.0,3.0,0.181818181818,Barack Obama
5835.0,3.0,0.380952380952,Barack Obama
5838.0,3.0,0.371428571429,Barack Obama
5841.0,3.0,0.0769230769231,Barack Obama
5844.0,3.0,0.317073170732,Barack Obama
5847.0,3.0,0.189189189189,Barack Obama
5850.0,3.0,0.268292682927,Barack Obama
5853.0,3.0,0.128205128205,Barack Obama
5856.0,3.0,0.194444444444,Barack Obama
5859.0,3.0,0.185185185185,Barack Obama
5862.0,3.0,0.093023255814,Barack Obama
5865.0,3.0,0.176470588235,Barack Obama
5868.0,3.0,0.409090909091,Barack Obama
5871.0,3.0,0.0769230769231,Barack Obama
5874.0,3.0,0.0526315789474,Barack Obama
5877.0,3.0,0.414634146341,Barack Obama
5880.0,3.0,0.12,Barack Obama
5883.0,3.0,0.104166666667,Barack Obama
5886.0,3.0,0.0,Barack Obama
5889.0,3.0,0.0731707317073,Barack Obama
5892.0,3.0,0.243902439024,Barack Obama
5895.0,3.0,0.3,Barack Obama
5898.0,3.0,0.125,Barack Obama
5901.0,3.0,0.145833333333,Barack Obama
5904.0,3.0,0.5,Barack Obama
5907.0,3.0,0.176470588235,Barack Obama
5910.0,3.0,0.302325581395,Barack Obama
5913.0,3.0,0.333333333333,Barack Obama
5916.0,3.0,0.204545454545,Barack Obama
5919.0,3.0,0.21875,Barack Obama
5922.0,3.0,0.210526315789,Barack Obama
5925.0,3.0,0.163265306122,Barack Obama
5928.0,3.0,0.283018867925,Barack Obama
5931.0,3.0,0.395348837209,Barack Obama
5934.0,3.0,0.293103448276,Barack Obama
5937.0,3.0,0.150943396226,Barack Obama
5940.0,3.0,0.333333333333,Barack Obama
5943.0,3.0,0.09375,Barack Obama
5946.0,3.0,0.296296296296,Barack Obama
5949.0,3.0,0.382352941176,Barack Obama
5952.0,3.0,0.131578947368,Barack Obama
5955.0,3.0,0.232558139535,Barack Obama
5958.0,3.0,0.145833333333,Barack Obama
5961.0,3.0,0.293103448276,Barack Obama
5964.0,3.0,0.16,Barack Obama
5967.0,3.0,0.2,Barack Obama
5970.0,3.0,0.5,Barack Obama
5973.0,3.0,0.296296296296,Barack Obama
5976.0,3.0,0.128205128205,Barack Obama
5979.0,3.0,0.135135135135,Barack Obama
5982.0,3.0,0.25,Barack Obama
5985.0,3.0,0.170212765957,Barack Obama
5988.0,3.0,0.214285714286,Barack Obama
5991.0,3.0,0.0909090909091,Barack Obama
5994.0,3.0,0.18,Barack Obama
5997.0,3.0,0.0689655172414,Barack Obama
6000.0,3.0,0.0714285714286,Barack Obama
6003.0,3.0,0.3,Barack Obama
6006.0,3.0,0.289473684211,Barack Obama
6009.0,3.0,0.363636363636,Barack Obama
6012.0,3.0,0.225,Barack Obama
6015.0,3.0,0.367346938776,Barack Obama
6018.0,3.0,0.176470588235,Barack Obama
6021.0,3.0,0.121212121212,Barack Obama
6024.0,3.0,0.0535714285714,Barack Obama
6027.0,3.0,0.0697674418605,Barack Obama
6030.0,3.0,0.119047619048,Barack Obama
6033.0,3.0,0.24,Barack Obama
6036.0,3.0,0.130434782609,Barack Obama
6039.0,3.0,0.267857142857,Barack Obama
6042.0,3.0,0.222222222222,Barack Obama
6045.0,3.0,0.227272727273,Barack Obama
6048.0,3.0,0.303571428571,Barack Obama
6051.0,3.0,0.255813953488,Barack Obama
6054.0,3.0,0.230769230769,Barack Obama
6057.0,3.0,0.191489361702,Barack Obama
6060.0,3.0,0.173913043478,Barack Obama
6063.0,3.0,0.318181818182,Barack Obama
6066.0,3.0,0.5,Barack Obama
6069.0,3.0,0.377358490566,Barack Obama
6072.0,3.0,0.258064516129,Barack Obama
6075.0,3.0,0.128205128205,Barack Obama
6078.0,3.0,0.119047619048,Barack Obama
6081.0,3.0,0.046511627907,Barack Obama
6084.0,3.0,0.0666666666667,Barack Obama
6087.0,3.0,0.333333333333,Barack Obama
6090.0,3.0,0.117647058824,Barack Obama
6093.0,3.0,0.294117647059,Barack Obama
6096.0,3.0,0.333333333333,Barack Obama
6099.0,3.0,0.289473684211,Barack Obama
6102.0,3.0,0.219512195122,Barack Obama
6105.0,3.0,0.203703703704,Barack Obama
6108.0,3.0,0.105263157895,Barack Obama
6111.0,3.0,0.192307692308,Barack Obama
6114.0,3.0,0.232558139535,Barack Obama
6117.0,3.0,0.178571428571,Barack Obama
6120.0,3.0,0.102564102564,Barack Obama
6123.0,3.0,0.093023255814,Barack Obama
6126.0,3.0,0.125,Barack Obama
6129.0,3.0,0.234042553191,Barack Obama
6132.0,3.0,0.214285714286,Barack Obama
6135.0,3.0,0.0344827586207,Barack Obama
6138.0,3.0,0.636363636364,Barack Obama
6141.0,3.0,0.405405405405,Barack Obama
6144.0,3.0,0.362068965517,Barack Obama
6147.0,3.0,0.163265306122,Barack Obama
6150.0,3.0,0.0576923076923,Barack Obama
6153.0,3.0,0.152173913043,Barack Obama
6156.0,3.0,0.0,Barack Obama
6159.0,3.0,0.357142857143,Barack Obama
6162.0,3.0,0.18,Barack Obama
6165.0,3.0,0.157894736842,Barack Obama
6168.0,3.0,0.153846153846,Barack Obama
6171.0,3.0,0.414634146341,Barack Obama
6174.0,3.0,0.291666666667,Barack Obama
6177.0,3.0,0.184210526316,Barack Obama
6180.0,3.0,0.210526315789,Barack Obama
6183.0,3.0,0.224137931034,Barack Obama
6186.0,3.0,0.163265306122,Barack Obama
6189.0,3.0,0.162790697674,Barack Obama
6192.0,3.0,0.263157894737,Barack Obama
6195.0,3.0,0.166666666667,Barack Obama
6198.0,3.0,0.279069767442,Barack Obama
6201.0,3.0,0.146341463415,Barack Obama
6204.0,3.0,0.351351351351,Barack Obama
6207.0,3.0,0.15625,Barack Obama
6210.0,3.0,0.472222222222,Barack Obama
6213.0,3.0,0.305084745763,Barack Obama
6216.0,3.0,0.272727272727,Barack Obama
6219.0,3.0,0.166666666667,Barack Obama
6222.0,3.0,0.2,Barack Obama
6225.0,3.0,0.205128205128,Barack Obama
6228.0,3.0,0.416666666667,Barack Obama
6231.0,3.0,0.275,Barack Obama
6234.0,3.0,0.264705882353,Barack Obama
6237.0,3.0,0.232558139535,Barack Obama
6240.0,3.0,0.372093023256,Barack Obama
6243.0,3.0,0.293103448276,Barack Obama
6246.0,3.0,0.36170212766,Barack Obama
6249.0,3.0,0.454545454545,Barack Obama
6252.0,3.0,0.19298245614,Barack Obama
6255.0,3.0,0.0,Barack Obama
6258.0,3.0,0.181818181818,Barack Obama
6261.0,3.0,0.188679245283,Barack Obama
6264.0,3.0,0.205882352941,Barack Obama
6267.0,3.0,0.244444444444,Barack Obama
6270.0,3.0,0.241935483871,Barack Obama
6273.0,3.0,0.117647058824,Barack Obama
6276.0,3.0,0.388888888889,Barack Obama
6279.0,3.0,0.333333333333,Barack Obama
6282.0,3.0,0.295454545455,Barack Obama
6285.0,3.0,0.28,Barack Obama
6288.0,3.0,0.357142857143,Barack Obama
6291.0,3.0,0.265306122449,Barack Obama
6294.0,3.0,0.18,Barack Obama
6297.0,3.0,0.157894736842,Barack Obama
6300.0,3.0,0.571428571429,Barack Obama
6303.0,3.0,0.238095238095,Barack Obama
6306.0,3.0,0.528301886792,Barack Obama
6309.0,3.0,0.564516129032,Barack Obama
6312.0,3.0,0.0869565217391,Barack Obama
6315.0,3.0,0.275,Barack Obama
6318.0,3.0,0.0789473684211,Barack Obama
6321.0,3.0,0.558823529412,Barack Obama
6324.0,3.0,0.166666666667,Barack Obama
6327.0,3.0,0.432432432432,Barack Obama
6330.0,3.0,0.368421052632,Barack Obama
6333.0,3.0,0.185185185185,Barack Obama
6336.0,3.0,0.0697674418605,Barack Obama
6339.0,3.0,0.275,Barack Obama
6342.0,3.0,0.171428571429,Barack Obama
6345.0,3.0,0.27027027027,Barack Obama
6348.0,3.0,0.133333333333,Barack Obama
6351.0,3.0,0.0789473684211,Barack Obama
6354.0,3.0,0.125,Barack Obama
6357.0,3.0,0.0952380952381,Barack Obama
6360.0,3.0,0.137254901961,Barack Obama
6363.0,3.0,0.148148148148,Barack Obama
6366.0,3.0,0.0344827586207,Barack Obama
6369.0,3.0,0.189189189189,Barack Obama
6372.0,3.0,0.192307692308,Barack Obama
6375.0,3.0,0.127659574468,Barack Obama
6378.0,3.0,0.108108108108,Barack Obama
6381.0,3.0,0.264705882353,Barack Obama
6384.0,3.0,0.047619047619,Barack Obama
6387.0,3.0,0.0,Barack Obama
6390.0,3.0,0.243243243243,Barack Obama
6393.0,3.0,0.047619047619,Barack Obama
6396.0,3.0,0.0882352941176,Barack Obama
6399.0,3.0,0.0769230769231,Barack Obama
6402.0,3.0,0.117647058824,Barack Obama
6405.0,3.0,0.0,Barack Obama
6408.0,3.0,0.26,Barack Obama
6411.0,3.0,0.0540540540541,Barack Obama
6414.0,3.0,0.169811320755,Barack Obama
6417.0,3.0,0.277777777778,Barack Obama
6420.0,3.0,0.175438596491,Barack Obama
6423.0,3.0,0.309523809524,Barack Obama
6426.0,3.0,0.142857142857,Barack Obama
6429.0,3.0,0.125,Barack Obama
6432.0,3.0,0.0975609756098,Barack Obama
6435.0,3.0,0.0588235294118,Barack Obama
6438.0,3.0,0.2,Barack Obama
6441.0,3.0,0.153846153846,Barack Obama
6444.0,3.0,0.16,Barack Obama
6447.0,3.0,0.0769230769231,Barack Obama
6450.0,3.0,0.128205128205,Barack Obama
6453.0,3.0,0.3125,Barack Obama
6456.0,3.0,0.11320754717,Barack Obama
6459.0,3.0,0.0185185185185,Barack Obama
6462.0,3.0,0.34,Barack Obama
6465.0,3.0,0.0285714285714,Barack Obama
6468.0,3.0,0.183673469388,Barack Obama
6471.0,3.0,0.152173913043,Barack Obama
6474.0,3.0,0.243902439024,Barack Obama
6477.0,3.0,0.0731707317073,Barack Obama
6480.0,3.0,0.0,Barack Obama
6483.0,3.0,0.09375,Barack Obama
6486.0,3.0,0.0666666666667,Barack Obama
6495.0,3.0,0.111111111111,Barack Obama
6498.0,3.0,0.05,Barack Obama
6501.0,3.0,0.2,Barack Obama
6504.0,3.0,0.0588235294118,Barack Obama
6507.0,3.0,0.0,Barack Obama
6510.0,3.0,0.121212121212,Barack Obama
6513.0,3.0,0.454545454545,Barack Obama
6516.0,3.0,0.222222222222,Barack Obama
6519.0,3.0,0.0666666666667,Barack Obama
6522.0,3.0,0.0,Barack Obama
6525.0,3.0,0.0833333333333,Barack Obama
6531.0,3.0,0.0,Barack Obama
6534.0,3.0,0.0,Barack Obama
6537.0,3.0,0.333333333333,Barack Obama
6540.0,3.0,0.0612244897959,Barack Obama
6543.0,3.0,0.15,Barack Obama
6546.0,3.0,0.555555555556,Barack Obama
6549.0,3.0,0.54347826087,Barack Obama
6552.0,3.0,0.27027027027,Barack Obama
6555.0,3.0,0.294117647059,Barack Obama
6558.0,3.0,0.285714285714,Barack Obama
6561.0,3.0,0.534482758621,Barack Obama
6564.0,3.0,0.649122807018,Barack Obama
6567.0,3.0,0.5,Barack Obama
6570.0,3.0,0.166666666667,Barack Obama
6573.0,3.0,0.2,Barack Obama
6576.0,3.0,0.0,Barack Obama
6579.0,3.0,0.0975609756098,Barack Obama
6582.0,3.0,0.205882352941,Barack Obama
6585.0,3.0,0.09375,Barack Obama
6588.0,3.0,0.116279069767,Barack Obama
6591.0,3.0,0.025641025641,Barack Obama
6594.0,3.0,0.063829787234,Barack Obama
6597.0,3.0,0.25,Barack Obama
6603.0,3.0,0.5,Barack Obama
6606.0,3.0,0.0769230769231,Barack Obama
6609.0,3.0,0.366666666667,Barack Obama
6612.0,3.0,0.0,Barack Obama
6618.0,3.0,0.259259259259,Barack Obama
6621.0,3.0,0.0833333333333,Barack Obama
6624.0,3.0,0.0,Barack Obama
6627.0,3.0,0.0,Barack Obama
6630.0,3.0,0.0857142857143,Barack Obama
6633.0,3.0,0.0689655172414,Barack Obama
6636.0,3.0,0.09375,Barack Obama
6639.0,3.0,0.025641025641,Barack Obama
6642.0,3.0,0.0487804878049,Barack Obama
6645.0,3.0,0.04,Barack Obama
6648.0,3.0,0.0384615384615,Barack Obama
6651.0,3.0,0.0810810810811,Barack Obama
6654.0,3.0,0.030303030303,Barack Obama
6657.0,3.0,0.0731707317073,Barack Obama
6660.0,3.0,0.0789473684211,Barack Obama
6663.0,3.0,0.0645161290323,Barack Obama
6666.0,3.0,0.0740740740741,Barack Obama
6669.0,3.0,0.173913043478,Barack Obama
6672.0,3.0,0.0238095238095,Barack Obama
6675.0,3.0,0.0344827586207,Barack Obama
6678.0,3.0,0.093023255814,Barack Obama
6681.0,3.0,0.0731707317073,Barack Obama
6684.0,3.0,0.260869565217,Barack Obama
6687.0,3.0,0.0857142857143,Barack Obama
6690.0,3.0,0.205882352941,Barack Obama
6693.0,3.0,0.0606060606061,Barack Obama
6696.0,3.0,0.0645161290323,Barack Obama
6699.0,3.0,0.222222222222,Barack Obama
6702.0,3.0,0.0434782608696,Barack Obama
6705.0,3.0,0.037037037037,Barack Obama
6708.0,3.0,0.0882352941176,Barack Obama
6711.0,3.0,0.384615384615,Barack Obama
6714.0,3.0,0.0285714285714,Barack Obama
6717.0,3.0,0.0975609756098,Barack Obama
6720.0,3.0,0.130434782609,Barack Obama
6723.0,3.0,0.0652173913043,Barack Obama
6726.0,3.0,0.166666666667,Barack Obama
6729.0,3.0,0.0285714285714,Barack Obama
6732.0,3.0,0.136363636364,Barack Obama
6735.0,3.0,0.0909090909091,Barack Obama
6738.0,3.0,0.0681818181818,Barack Obama
6741.0,3.0,0.0571428571429,Barack Obama
6744.0,3.0,0.0333333333333,Barack Obama
6747.0,3.0,0.0909090909091,Barack Obama
6750.0,3.0,0.0833333333333,Barack Obama
6753.0,3.0,0.0444444444444,Barack Obama
6756.0,3.0,0.117647058824,Barack Obama
6759.0,3.0,0.0322580645161,Barack Obama
6762.0,3.0,0.0666666666667,Barack Obama
6765.0,3.0,0.117647058824,Barack Obama
6768.0,3.0,0.0714285714286,Barack Obama
6771.0,3.0,0.222222222222,Barack Obama
6774.0,3.0,0.107142857143,Barack Obama
6777.0,3.0,0.0869565217391,Barack Obama
6780.0,3.0,0.0625,Barack Obama
6783.0,3.0,0.133333333333,Barack Obama
6786.0,3.0,0.173913043478,Barack Obama
6789.0,3.0,0.0444444444444,Barack Obama
6792.0,3.0,0.0,Barack Obama
6795.0,3.0,0.0555555555556,Barack Obama
6798.0,3.0,0.0714285714286,Barack Obama
6801.0,3.0,0.0714285714286,Barack Obama
6804.0,3.0,0.0652173913043,Barack Obama
6807.0,3.0,0.0714285714286,Barack Obama
6810.0,3.0,0.093023255814,Barack Obama
6813.0,3.0,0.157894736842,Barack Obama
6816.0,3.0,0.176470588235,Barack Obama
6819.0,3.0,0.16,Barack Obama
6822.0,3.0,0.116279069767,Barack Obama
6825.0,3.0,0.0425531914894,Barack Obama
6828.0,3.0,0.0961538461538,Barack Obama
6831.0,3.0,0.148936170213,Barack Obama
6834.0,3.0,0.236842105263,Barack Obama
6837.0,3.0,0.0588235294118,Barack Obama
6840.0,3.0,0.1875,Barack Obama
6843.0,3.0,0.0810810810811,Barack Obama
6846.0,3.0,0.0952380952381,Barack Obama
6849.0,3.0,0.05,Barack Obama
6852.0,3.0,0.05,Barack Obama
6855.0,3.0,0.117647058824,Barack Obama
6858.0,3.0,0.0384615384615,Barack Obama
6861.0,3.0,0.0408163265306,Barack Obama
6864.0,3.0,0.212121212121,Barack Obama
6867.0,3.0,0.323529411765,Barack Obama
6870.0,3.0,0.09375,Barack Obama
6873.0,3.0,0.28125,Barack Obama
6876.0,3.0,0.063829787234,Barack Obama
6879.0,3.0,0.0810810810811,Barack Obama
6882.0,3.0,0.0238095238095,Barack Obama
6885.0,3.0,0.16,Barack Obama
6888.0,3.0,0.183673469388,Barack Obama
6891.0,3.0,0.145454545455,Barack Obama
6894.0,3.0,0.142857142857,Barack Obama
6897.0,3.0,0.0714285714286,Barack Obama
6900.0,3.0,0.0740740740741,Barack Obama
6903.0,3.0,0.0416666666667,Barack Obama
6906.0,3.0,0.04,Barack Obama
6909.0,3.0,0.0612244897959,Barack Obama
6912.0,3.0,0.138888888889,Barack Obama
6915.0,3.0,0.181818181818,Barack Obama
6918.0,3.0,0.0222222222222,Barack Obama
6921.0,3.0,0.0,Barack Obama
6924.0,3.0,0.025,Barack Obama
6927.0,3.0,0.117647058824,Barack Obama
6930.0,3.0,0.047619047619,Barack Obama
6933.0,3.0,0.0526315789474,Barack Obama
6936.0,3.0,0.136363636364,Barack Obama
6939.0,3.0,0.115384615385,Barack Obama
6942.0,3.0,0.214285714286,Barack Obama
6945.0,3.0,0.0571428571429,Barack Obama
6948.0,3.0,0.0,Barack Obama
6951.0,3.0,0.08,Barack Obama
6954.0,3.0,0.192307692308,Barack Obama
6957.0,3.0,0.209302325581,Barack Obama
6960.0,3.0,0.148936170213,Barack Obama
6963.0,3.0,0.0645161290323,Barack Obama
6966.0,3.0,0.107142857143,Barack Obama
6969.0,3.0,0.11320754717,Barack Obama
6972.0,3.0,0.130434782609,Barack Obama
6975.0,3.0,0.219512195122,Barack Obama
6978.0,3.0,0.0526315789474,Barack Obama
6981.0,3.0,0.0181818181818,Barack Obama
6984.0,3.0,0.0869565217391,Barack Obama
6987.0,3.0,0.093023255814,Barack Obama
6990.0,3.0,0.0769230769231,Barack Obama
6993.0,3.0,0.0769230769231,Barack Obama
6996.0,3.0,0.106382978723,Barack Obama
6999.0,3.0,0.169811320755,Barack Obama
7002.0,3.0,0.12962962963,Barack Obama
7005.0,3.0,0.0888888888889,Barack Obama
7008.0,3.0,0.173076923077,Barack Obama
7011.0,3.0,0.172413793103,Barack Obama
7014.0,3.0,0.0222222222222,Barack Obama
7017.0,3.0,0.0,Barack Obama
7020.0,3.0,0.0508474576271,Barack Obama
7023.0,3.0,0.142857142857,Barack Obama
7026.0,3.0,0.0227272727273,Barack Obama
7029.0,3.0,0.14,Barack Obama
7032.0,3.0,0.166666666667,Barack Obama
7035.0,3.0,0.0169491525424,Barack Obama
7038.0,3.0,0.148148148148,Barack Obama
7041.0,3.0,0.285714285714,Barack Obama
7044.0,3.0,0.2,Barack Obama
7047.0,3.0,0.266666666667,Barack Obama
7050.0,3.0,0.313725490196,Barack Obama
7053.0,3.0,0.303571428571,Barack Obama
7056.0,3.0,0.133333333333,Barack Obama
7065.0,3.0,0.0,Barack Obama
7068.0,3.0,0.0,Barack Obama
7071.0,3.0,0.0,Barack Obama
7074.0,3.0,0.107142857143,Barack Obama
7077.0,3.0,0.0222222222222,Barack Obama
7080.0,3.0,0.0833333333333,Barack Obama
7083.0,3.0,0.0263157894737,Barack Obama
7086.0,3.0,0.0810810810811,Barack Obama
7089.0,3.0,0.0444444444444,Barack Obama
7092.0,3.0,0.0,Barack Obama
7095.0,3.0,0.0,Barack Obama
7098.0,3.0,0.0454545454545,Barack Obama
7101.0,3.0,0.0731707317073,Barack Obama
7104.0,3.0,0.0652173913043,Barack Obama
7107.0,3.0,0.102564102564,Barack Obama
7110.0,3.0,0.0689655172414,Barack Obama
7113.0,3.0,0.1,Barack Obama
7116.0,3.0,0.0,Barack Obama
7119.0,3.0,0.0,Barack Obama
