0.0,3.0,0.0,Barack Obama
3.0,3.0,0.0,Barack Obama
6.0,3.0,0.0,Barack Obama
9.0,3.0,0.0491803278689,Barack Obama
12.0,3.0,0.0,Barack Obama
15.0,3.0,0.132075471698,Barack Obama
18.0,3.0,0.0740740740741,Barack Obama
21.0,3.0,0.0434782608696,Barack Obama
24.0,3.0,0.06,Barack Obama
27.0,3.0,0.0652173913043,Barack Obama
30.0,3.0,0.155555555556,Barack Obama
33.0,3.0,0.0,Barack Obama
36.0,3.0,0.0,Barack Obama
39.0,3.0,0.0,Barack Obama
42.0,3.0,0.0,Barack Obama
45.0,3.0,0.025,Barack Obama
48.0,3.0,0.142857142857,Barack Obama
51.0,3.0,0.0727272727273,Barack Obama
54.0,3.0,0.0185185185185,Barack Obama
57.0,3.0,0.0491803278689,Barack Obama
60.0,3.0,0.0833333333333,Barack Obama
63.0,3.0,0.0,Barack Obama
66.0,3.0,0.0172413793103,Barack Obama
69.0,3.0,0.0392156862745,Barack Obama
72.0,3.0,0.047619047619,Barack Obama
75.0,3.0,0.0,Barack Obama
78.0,3.0,0.0,Barack Obama
81.0,3.0,0.0,Barack Obama
84.0,3.0,0.15625,Barack Obama
87.0,3.0,0.0540540540541,Barack Obama
90.0,3.0,0.0,Barack Obama
93.0,3.0,0.0425531914894,Barack Obama
96.0,3.0,0.0810810810811,Barack Obama
99.0,3.0,0.05,Barack Obama
102.0,3.0,0.0363636363636,Barack Obama
105.0,3.0,0.02,Barack Obama
108.0,3.0,0.03125,Barack Obama
111.0,3.0,0.0357142857143,Barack Obama
114.0,3.0,0.0204081632653,Barack Obama
117.0,3.0,0.0,Barack Obama
120.0,3.0,0.046511627907,Barack Obama
123.0,3.0,0.0,Barack Obama
126.0,3.0,0.0,Barack Obama
129.0,3.0,0.0,Barack Obama
132.0,3.0,0.0294117647059,Barack Obama
135.0,3.0,0.09375,Barack Obama
138.0,3.0,0.0357142857143,Barack Obama
141.0,3.0,0.04,Barack Obama
144.0,3.0,0.0697674418605,Barack Obama
147.0,3.0,0.0625,Barack Obama
150.0,3.0,0.119047619048,Barack Obama
153.0,3.0,0.104166666667,Barack Obama
156.0,3.0,0.0487804878049,Barack Obama
159.0,3.0,0.135135135135,Barack Obama
162.0,3.0,0.148936170213,Barack Obama
165.0,3.0,0.1,Barack Obama
168.0,3.0,0.125,Barack Obama
171.0,3.0,0.0545454545455,Barack Obama
174.0,3.0,0.0185185185185,Barack Obama
177.0,3.0,0.0,Barack Obama
180.0,3.0,0.0769230769231,Barack Obama
183.0,3.0,0.0232558139535,Barack Obama
186.0,3.0,0.104166666667,Barack Obama
189.0,3.0,0.204081632653,Barack Obama
192.0,3.0,0.0869565217391,Barack Obama
195.0,3.0,0.0444444444444,Barack Obama
198.0,3.0,0.125,Barack Obama
201.0,3.0,0.0416666666667,Barack Obama
204.0,3.0,0.0833333333333,Barack Obama
207.0,3.0,0.0217391304348,Barack Obama
210.0,3.0,0.0588235294118,Barack Obama
213.0,3.0,0.35,Barack Obama
216.0,3.0,0.104166666667,Barack Obama
219.0,3.0,0.063829787234,Barack Obama
222.0,3.0,0.0,Barack Obama
225.0,3.0,0.0232558139535,Barack Obama
228.0,3.0,0.0952380952381,Barack Obama
231.0,3.0,0.111111111111,Barack Obama
234.0,3.0,0.15625,Barack Obama
237.0,3.0,0.030303030303,Barack Obama
240.0,3.0,0.0,Barack Obama
243.0,3.0,0.0,Barack Obama
246.0,3.0,0.0,Barack Obama
249.0,3.0,0.0816326530612,Barack Obama
252.0,3.0,0.0454545454545,Barack Obama
255.0,3.0,0.025641025641,Barack Obama
258.0,3.0,0.114285714286,Barack Obama
261.0,3.0,0.0625,Barack Obama
264.0,3.0,0.0196078431373,Barack Obama
267.0,3.0,0.0526315789474,Barack Obama
270.0,3.0,0.047619047619,Barack Obama
273.0,3.0,0.0666666666667,Barack Obama
276.0,3.0,0.0454545454545,Barack Obama
279.0,3.0,0.0196078431373,Barack Obama
282.0,3.0,0.0,Barack Obama
285.0,3.0,0.037037037037,Barack Obama
288.0,3.0,0.0,Barack Obama
291.0,3.0,0.111111111111,Barack Obama
294.0,3.0,0.0434782608696,Barack Obama
297.0,3.0,0.173076923077,Barack Obama
300.0,3.0,0.0238095238095,Barack Obama
303.0,3.0,0.134615384615,Barack Obama
306.0,3.0,0.0816326530612,Barack Obama
309.0,3.0,0.173076923077,Barack Obama
312.0,3.0,0.0344827586207,Barack Obama
315.0,3.0,0.037037037037,Barack Obama
318.0,3.0,0.109090909091,Barack Obama
321.0,3.0,0.0232558139535,Barack Obama
324.0,3.0,0.0555555555556,Barack Obama
327.0,3.0,0.0,Barack Obama
330.0,3.0,0.106382978723,Barack Obama
333.0,3.0,0.078431372549,Barack Obama
336.0,3.0,0.104166666667,Barack Obama
339.0,3.0,0.116279069767,Barack Obama
342.0,3.0,0.0434782608696,Barack Obama
345.0,3.0,0.1,Barack Obama
348.0,3.0,0.0,Barack Obama
351.0,3.0,0.0851063829787,Barack Obama
354.0,3.0,0.0178571428571,Barack Obama
357.0,3.0,0.0566037735849,Barack Obama
360.0,3.0,0.0,Barack Obama
363.0,3.0,0.0185185185185,Barack Obama
366.0,3.0,0.0,Barack Obama
369.0,3.0,0.0377358490566,Barack Obama
372.0,3.0,0.06,Barack Obama
375.0,3.0,0.0754716981132,Barack Obama
378.0,3.0,0.06,Barack Obama
381.0,3.0,0.0925925925926,Barack Obama
384.0,3.0,0.0263157894737,Barack Obama
387.0,3.0,0.0222222222222,Barack Obama
390.0,3.0,0.0588235294118,Barack Obama
393.0,3.0,0.0754716981132,Barack Obama
396.0,3.0,0.063829787234,Barack Obama
399.0,3.0,0.106382978723,Barack Obama
402.0,3.0,0.0243902439024,Barack Obama
405.0,3.0,0.0425531914894,Barack Obama
408.0,3.0,0.0535714285714,Barack Obama
411.0,3.0,0.016393442623,Barack Obama
414.0,3.0,0.037037037037,Barack Obama
417.0,3.0,0.0322580645161,Barack Obama
420.0,3.0,0.0961538461538,Barack Obama
423.0,3.0,0.0483870967742,Barack Obama
426.0,3.0,0.0350877192982,Barack Obama
429.0,3.0,0.0,Barack Obama
432.0,3.0,0.0392156862745,Barack Obama
435.0,3.0,0.02,Barack Obama
438.0,3.0,0.037037037037,Barack Obama
441.0,3.0,0.0178571428571,Barack Obama
444.0,3.0,0.0338983050847,Barack Obama
447.0,3.0,0.0,Barack Obama
450.0,3.0,0.115384615385,Barack Obama
453.0,3.0,0.0754716981132,Barack Obama
456.0,3.0,0.0,Barack Obama
459.0,3.0,0.08,Barack Obama
462.0,3.0,0.0612244897959,Barack Obama
465.0,3.0,0.0,Barack Obama
468.0,3.0,0.217391304348,Barack Obama
471.0,3.0,0.11320754717,Barack Obama
474.0,3.0,0.0612244897959,Barack Obama
477.0,3.0,0.0961538461538,Barack Obama
480.0,3.0,0.0625,Barack Obama
483.0,3.0,0.047619047619,Barack Obama
486.0,3.0,0.0925925925926,Barack Obama
489.0,3.0,0.0555555555556,Barack Obama
492.0,3.0,0.14,Barack Obama
495.0,3.0,0.0217391304348,Barack Obama
498.0,3.0,0.145454545455,Barack Obama
501.0,3.0,0.117647058824,Barack Obama
504.0,3.0,0.0980392156863,Barack Obama
507.0,3.0,0.102564102564,Barack Obama
510.0,3.0,0.127659574468,Barack Obama
513.0,3.0,0.0555555555556,Barack Obama
516.0,3.0,0.0188679245283,Barack Obama
519.0,3.0,0.0181818181818,Barack Obama
522.0,3.0,0.0612244897959,Barack Obama
525.0,3.0,0.142857142857,Barack Obama
528.0,3.0,0.0357142857143,Barack Obama
531.0,3.0,0.0862068965517,Barack Obama
534.0,3.0,0.0727272727273,Barack Obama
537.0,3.0,0.06,Barack Obama
540.0,3.0,0.0425531914894,Barack Obama
543.0,3.0,0.0566037735849,Barack Obama
546.0,3.0,0.0,Barack Obama
549.0,3.0,0.0,Barack Obama
552.0,3.0,0.0196078431373,Barack Obama
555.0,3.0,0.0,Barack Obama
558.0,3.0,0.0,Barack Obama
561.0,3.0,0.0192307692308,Barack Obama
564.0,3.0,0.0833333333333,Barack Obama
567.0,3.0,0.02,Barack Obama
570.0,3.0,0.0,Barack Obama
573.0,3.0,0.0576923076923,Barack Obama
576.0,3.0,0.0416666666667,Barack Obama
579.0,3.0,0.0,Barack Obama
582.0,3.0,0.0243902439024,Barack Obama
585.0,3.0,0.0,Barack Obama
588.0,3.0,0.0487804878049,Barack Obama
591.0,3.0,0.0,Barack Obama
594.0,3.0,0.0,Barack Obama
597.0,3.0,0.0,Barack Obama
600.0,3.0,0.0434782608696,Barack Obama
603.0,3.0,0.0,Barack Obama
606.0,3.0,0.0,Barack Obama
609.0,3.0,0.037037037037,Barack Obama
612.0,3.0,0.0,Barack Obama
615.0,3.0,0.0,Barack Obama
618.0,3.0,0.0416666666667,Barack Obama
621.0,3.0,0.0181818181818,Barack Obama
624.0,3.0,0.0363636363636,Barack Obama
627.0,3.0,0.0338983050847,Barack Obama
630.0,3.0,0.0217391304348,Barack Obama
633.0,3.0,0.0545454545455,Barack Obama
636.0,3.0,0.0357142857143,Barack Obama
639.0,3.0,0.0566037735849,Barack Obama
642.0,3.0,0.0178571428571,Barack Obama
645.0,3.0,0.104166666667,Barack Obama
648.0,3.0,0.0625,Barack Obama
651.0,3.0,0.0,Barack Obama
654.0,3.0,0.047619047619,Barack Obama
657.0,3.0,0.0,Barack Obama
660.0,3.0,0.0,Barack Obama
663.0,3.0,0.0425531914894,Barack Obama
666.0,3.0,0.0,Barack Obama
669.0,3.0,0.0,Barack Obama
672.0,3.0,0.0,Barack Obama
675.0,3.0,0.0350877192982,Barack Obama
678.0,3.0,0.0769230769231,Barack Obama
681.0,3.0,0.0,Barack Obama
684.0,3.0,0.0444444444444,Barack Obama
687.0,3.0,0.0212765957447,Barack Obama
690.0,3.0,0.0434782608696,Barack Obama
693.0,3.0,0.0,Barack Obama
696.0,3.0,0.0,Barack Obama
699.0,3.0,0.037037037037,Barack Obama
702.0,3.0,0.166666666667,Barack Obama
705.0,3.0,0.0294117647059,Barack Obama
708.0,3.0,0.36,Barack Obama
711.0,3.0,0.222222222222,Barack Obama
714.0,3.0,0.075,Barack Obama
717.0,3.0,0.0238095238095,Barack Obama
720.0,3.0,0.0,Barack Obama
723.0,3.0,0.0178571428571,Barack Obama
726.0,3.0,0.0357142857143,Barack Obama
729.0,3.0,0.0384615384615,Barack Obama
732.0,3.0,0.0,Barack Obama
735.0,3.0,0.0,Barack Obama
738.0,3.0,0.0,Barack Obama
741.0,3.0,0.0816326530612,Barack Obama
744.0,3.0,0.0,Barack Obama
747.0,3.0,0.0,Barack Obama
750.0,3.0,0.0322580645161,Barack Obama
753.0,3.0,0.030303030303,Barack Obama
756.0,3.0,0.0188679245283,Barack Obama
759.0,3.0,0.0,Barack Obama
762.0,3.0,0.0285714285714,Barack Obama
765.0,3.0,0.0,Barack Obama
768.0,3.0,0.0909090909091,Barack Obama
771.0,3.0,0.1,Barack Obama
774.0,3.0,0.142857142857,Barack Obama
777.0,3.0,0.102564102564,Barack Obama
780.0,3.0,0.0555555555556,Barack Obama
783.0,3.0,0.0196078431373,Barack Obama
786.0,3.0,0.0666666666667,Barack Obama
789.0,3.0,0.0204081632653,Barack Obama
792.0,3.0,0.0689655172414,Barack Obama
795.0,3.0,0.0980392156863,Barack Obama
798.0,3.0,0.0350877192982,Barack Obama
801.0,3.0,0.0222222222222,Barack Obama
804.0,3.0,0.0652173913043,Barack Obama
807.0,3.0,0.0,Barack Obama
810.0,3.0,0.0,Barack Obama
813.0,3.0,0.0,Barack Obama
816.0,3.0,0.0,Barack Obama
819.0,3.0,0.0,Barack Obama
822.0,3.0,0.0,Barack Obama
825.0,3.0,0.0,Barack Obama
828.0,3.0,0.0,Barack Obama
831.0,3.0,0.0,Barack Obama
834.0,3.0,0.0,Barack Obama
837.0,3.0,0.0,Barack Obama
840.0,3.0,0.0,Barack Obama
843.0,3.0,0.0,Barack Obama
846.0,3.0,0.0,Barack Obama
849.0,3.0,0.047619047619,Barack Obama
852.0,3.0,0.0,Barack Obama
855.0,3.0,0.0444444444444,Barack Obama
858.0,3.0,0.0,Barack Obama
861.0,3.0,0.0208333333333,Barack Obama
864.0,3.0,0.0652173913043,Barack Obama
867.0,3.0,0.0,Barack Obama
870.0,3.0,0.0238095238095,Barack Obama
873.0,3.0,0.0238095238095,Barack Obama
876.0,3.0,0.0,Barack Obama
879.0,3.0,0.0384615384615,Barack Obama
882.0,3.0,0.0,Barack Obama
885.0,3.0,0.0,Barack Obama
888.0,3.0,0.0,Barack Obama
891.0,3.0,0.0238095238095,Barack Obama
894.0,3.0,0.0,Barack Obama
897.0,3.0,0.0,Barack Obama
900.0,3.0,0.0,Barack Obama
903.0,3.0,0.0,Barack Obama
906.0,3.0,0.0731707317073,Barack Obama
909.0,3.0,0.0,Barack Obama
912.0,3.0,0.0222222222222,Barack Obama
915.0,3.0,0.0,Barack Obama
918.0,3.0,0.0,Barack Obama
921.0,3.0,0.0,Barack Obama
924.0,3.0,0.0,Barack Obama
927.0,3.0,0.0,Barack Obama
930.0,3.0,0.02,Barack Obama
933.0,3.0,0.0196078431373,Barack Obama
936.0,3.0,0.105263157895,Barack Obama
939.0,3.0,0.0243902439024,Barack Obama
942.0,3.0,0.0,Barack Obama
945.0,3.0,0.0294117647059,Barack Obama
948.0,3.0,0.0425531914894,Barack Obama
951.0,3.0,0.0,Barack Obama
954.0,3.0,0.0,Barack Obama
957.0,3.0,0.047619047619,Barack Obama
960.0,3.0,0.0,Barack Obama
963.0,3.0,0.0208333333333,Barack Obama
966.0,3.0,0.0,Barack Obama
969.0,3.0,0.0,Barack Obama
972.0,3.0,0.078431372549,Barack Obama
975.0,3.0,0.0185185185185,Barack Obama
978.0,3.0,0.0588235294118,Barack Obama
981.0,3.0,0.0434782608696,Barack Obama
984.0,3.0,0.0350877192982,Barack Obama
987.0,3.0,0.0555555555556,Barack Obama
990.0,3.0,0.0,Barack Obama
993.0,3.0,0.0188679245283,Barack Obama
996.0,3.0,0.0,Barack Obama
999.0,3.0,0.0,Barack Obama
1002.0,3.0,0.0,Barack Obama
1005.0,3.0,0.0,Barack Obama
1008.0,3.0,0.0,Barack Obama
1011.0,3.0,0.0,Barack Obama
1014.0,3.0,0.0689655172414,Barack Obama
1017.0,3.0,0.030303030303,Barack Obama
1020.0,3.0,0.0526315789474,Barack Obama
1023.0,3.0,0.0769230769231,Barack Obama
1026.0,3.0,0.0,Barack Obama
1029.0,3.0,0.108108108108,Barack Obama
1032.0,3.0,0.0980392156863,Barack Obama
1035.0,3.0,0.0,Barack Obama
1038.0,3.0,0.0,Barack Obama
1041.0,3.0,0.0,Barack Obama
1044.0,3.0,0.0416666666667,Barack Obama
1047.0,3.0,0.0377358490566,Barack Obama
1050.0,3.0,0.0,Barack Obama
1053.0,3.0,0.037037037037,Barack Obama
1056.0,3.0,0.0217391304348,Barack Obama
1059.0,3.0,0.030303030303,Barack Obama
1062.0,3.0,0.0,Barack Obama
1065.0,3.0,0.037037037037,Barack Obama
1068.0,3.0,0.0377358490566,Barack Obama
1071.0,3.0,0.0,Barack Obama
1074.0,3.0,0.0,Barack Obama
1077.0,3.0,0.0408163265306,Barack Obama
1080.0,3.0,0.0,Barack Obama
1083.0,3.0,0.0,Barack Obama
1086.0,3.0,0.0555555555556,Barack Obama
1089.0,3.0,0.0363636363636,Barack Obama
1092.0,3.0,0.0,Barack Obama
1095.0,3.0,0.0408163265306,Barack Obama
1098.0,3.0,0.0,Barack Obama
1101.0,3.0,0.0,Barack Obama
1104.0,3.0,0.0377358490566,Barack Obama
1107.0,3.0,0.0,Barack Obama
1110.0,3.0,0.0,Barack Obama
1113.0,3.0,0.0,Barack Obama
1116.0,3.0,0.0344827586207,Barack Obama
1119.0,3.0,0.0212765957447,Barack Obama
1122.0,3.0,0.130434782609,Barack Obama
1125.0,3.0,0.0217391304348,Barack Obama
1128.0,3.0,0.0444444444444,Barack Obama
1131.0,3.0,0.0,Barack Obama
1134.0,3.0,0.0363636363636,Barack Obama
1137.0,3.0,0.0526315789474,Barack Obama
1140.0,3.0,0.125,Barack Obama
1143.0,3.0,0.0,Barack Obama
1146.0,3.0,0.0181818181818,Barack Obama
1149.0,3.0,0.0,Barack Obama
1152.0,3.0,0.1,Barack Obama
1155.0,3.0,0.0222222222222,Barack Obama
1158.0,3.0,0.0444444444444,Barack Obama
1161.0,3.0,0.0,Barack Obama
1164.0,3.0,0.0392156862745,Barack Obama
1167.0,3.0,0.0192307692308,Barack Obama
1170.0,3.0,0.0,Barack Obama
1173.0,3.0,0.04,Barack Obama
1176.0,3.0,0.046511627907,Barack Obama
1179.0,3.0,0.078431372549,Barack Obama
1182.0,3.0,0.0,Barack Obama
1185.0,3.0,0.0,Barack Obama
1188.0,3.0,0.0,Barack Obama
1191.0,3.0,0.0238095238095,Barack Obama
1194.0,3.0,0.0,Barack Obama
1197.0,3.0,0.0,Barack Obama
1200.0,3.0,0.0,Barack Obama
1203.0,3.0,0.0,Barack Obama
1206.0,3.0,0.0,Barack Obama
1209.0,3.0,0.0,Barack Obama
1212.0,3.0,0.0,Barack Obama
1215.0,3.0,0.0,Barack Obama
1218.0,3.0,0.0,Barack Obama
1221.0,3.0,0.0,Barack Obama
1224.0,3.0,0.0,Barack Obama
1227.0,3.0,0.0188679245283,Barack Obama
1230.0,3.0,0.0816326530612,Barack Obama
1233.0,3.0,0.0727272727273,Barack Obama
1236.0,3.0,0.0740740740741,Barack Obama
1239.0,3.0,0.0384615384615,Barack Obama
1242.0,3.0,0.051724137931,Barack Obama
1245.0,3.0,0.125,Barack Obama
1248.0,3.0,0.0,Barack Obama
1251.0,3.0,0.0243902439024,Barack Obama
1254.0,3.0,0.0217391304348,Barack Obama
1257.0,3.0,0.0192307692308,Barack Obama
1260.0,3.0,0.0,Barack Obama
1263.0,3.0,0.0535714285714,Barack Obama
1266.0,3.0,0.0,Barack Obama
1269.0,3.0,0.125,Barack Obama
1272.0,3.0,0.0392156862745,Barack Obama
1275.0,3.0,0.02,Barack Obama
1278.0,3.0,0.0769230769231,Barack Obama
1281.0,3.0,0.0196078431373,Barack Obama
1284.0,3.0,0.0576923076923,Barack Obama
1287.0,3.0,0.0208333333333,Barack Obama
1290.0,3.0,0.0612244897959,Barack Obama
1293.0,3.0,0.0666666666667,Barack Obama
1296.0,3.0,0.0,Barack Obama
1299.0,3.0,0.0,Barack Obama
1302.0,3.0,0.0188679245283,Barack Obama
1305.0,3.0,0.0344827586207,Barack Obama
1308.0,3.0,0.137254901961,Barack Obama
1311.0,3.0,0.0212765957447,Barack Obama
1314.0,3.0,0.0392156862745,Barack Obama
1317.0,3.0,0.0,Barack Obama
1320.0,3.0,0.0204081632653,Barack Obama
1323.0,3.0,0.046511627907,Barack Obama
1326.0,3.0,0.0,Barack Obama
1329.0,3.0,0.0,Barack Obama
1332.0,3.0,0.0,Barack Obama
1335.0,3.0,0.0,Barack Obama
1338.0,3.0,0.0,Barack Obama
1341.0,3.0,0.0,Barack Obama
1344.0,3.0,0.02,Barack Obama
1347.0,3.0,0.0,Barack Obama
1350.0,3.0,0.0,Barack Obama
1353.0,3.0,0.0,Barack Obama
1356.0,3.0,0.0,Barack Obama
1359.0,3.0,0.0,Barack Obama
1362.0,3.0,0.0,Barack Obama
1365.0,3.0,0.0,Barack Obama
1368.0,3.0,0.0,Barack Obama
1371.0,3.0,0.0,Barack Obama
1374.0,3.0,0.0,Barack Obama
1377.0,3.0,0.0833333333333,Barack Obama
1380.0,3.0,0.063829787234,Barack Obama
1383.0,3.0,0.0204081632653,Barack Obama
1386.0,3.0,0.0350877192982,Barack Obama
1389.0,3.0,0.0175438596491,Barack Obama
1392.0,3.0,0.0192307692308,Barack Obama
1395.0,3.0,0.101694915254,Barack Obama
1398.0,3.0,0.0666666666667,Barack Obama
1401.0,3.0,0.0681818181818,Barack Obama
1404.0,3.0,0.0576923076923,Barack Obama
1407.0,3.0,0.104166666667,Barack Obama
1410.0,3.0,0.0227272727273,Barack Obama
1413.0,3.0,0.0697674418605,Barack Obama
1416.0,3.0,0.0701754385965,Barack Obama
1419.0,3.0,0.0,Barack Obama
1422.0,3.0,0.148148148148,Barack Obama
1425.0,3.0,0.0434782608696,Barack Obama
1428.0,3.0,0.0192307692308,Barack Obama
1431.0,3.0,0.0212765957447,Barack Obama
1434.0,3.0,0.0208333333333,Barack Obama
1437.0,3.0,0.025,Barack Obama
1440.0,3.0,0.0166666666667,Barack Obama
1443.0,3.0,0.0196078431373,Barack Obama
1446.0,3.0,0.0,Barack Obama
1449.0,3.0,0.0,Barack Obama
1452.0,3.0,0.046511627907,Barack Obama
1455.0,3.0,0.05,Barack Obama
1458.0,3.0,0.0,Barack Obama
1461.0,3.0,0.0,Barack Obama
1464.0,3.0,0.02,Barack Obama
1467.0,3.0,0.0,Barack Obama
1470.0,3.0,0.0,Barack Obama
1473.0,3.0,0.0,Barack Obama
1476.0,3.0,0.0,Barack Obama
1479.0,3.0,0.0,Barack Obama
1482.0,3.0,0.0,Barack Obama
1485.0,3.0,0.0,Barack Obama
1488.0,3.0,0.0,Barack Obama
1491.0,3.0,0.0,Barack Obama
1494.0,3.0,0.0,Barack Obama
1497.0,3.0,0.0,Barack Obama
1500.0,3.0,0.0188679245283,Barack Obama
1503.0,3.0,0.0,Barack Obama
1506.0,3.0,0.0,Barack Obama
1509.0,3.0,0.0204081632653,Barack Obama
1512.0,3.0,0.0697674418605,Barack Obama
1515.0,3.0,0.0,Barack Obama
1518.0,3.0,0.0714285714286,Barack Obama
1521.0,3.0,0.0166666666667,Barack Obama
1524.0,3.0,0.0487804878049,Barack Obama
1527.0,3.0,0.0576923076923,Barack Obama
1530.0,3.0,0.159090909091,Barack Obama
1533.0,3.0,0.0,Barack Obama
1536.0,3.0,0.0192307692308,Barack Obama
1539.0,3.0,0.08,Barack Obama
1542.0,3.0,0.0217391304348,Barack Obama
1545.0,3.0,0.0350877192982,Barack Obama
1548.0,3.0,0.0,Barack Obama
1551.0,3.0,0.0,Barack Obama
1554.0,3.0,0.0,Barack Obama
1557.0,3.0,0.0,Barack Obama
1560.0,3.0,0.0,Barack Obama
1563.0,3.0,0.0217391304348,Barack Obama
1566.0,3.0,0.0166666666667,Barack Obama
1569.0,3.0,0.0,Barack Obama
1572.0,3.0,0.0,Barack Obama
1575.0,3.0,0.0,Barack Obama
