0.0,3.0,0.481481481481,Terry Gross
3.0,3.0,0.236363636364,Terry Gross
6.0,3.0,0.452380952381,Terry Gross
9.0,3.0,0.392857142857,Terry Gross
12.0,3.0,0.441860465116,Terry Gross
15.0,3.0,0.377777777778,Terry Gross
18.0,3.0,0.325,Terry Gross
21.0,3.0,0.225,Terry Gross
24.0,3.0,0.354166666667,Terry Gross
27.0,3.0,0.117647058824,Terry Gross
30.0,3.0,0.276595744681,Terry Gross
33.0,3.0,0.0,Terry Gross
36.0,3.0,0.0,Terry Gross
39.0,3.0,0.0,Terry Gross
42.0,3.0,0.166666666667,Terry Gross
45.0,3.0,0.0294117647059,Terry Gross
48.0,3.0,0.166666666667,Terry Gross
51.0,3.0,0.0333333333333,Terry Gross
54.0,3.0,0.166666666667,Terry Gross
57.0,3.0,0.0,Terry Gross
60.0,3.0,0.0454545454545,Terry Gross
63.0,3.0,0.0,Terry Gross
66.0,3.0,0.117647058824,Terry Gross
69.0,3.0,0.276595744681,Terry Gross
72.0,3.0,0.340425531915,Terry Gross
75.0,3.0,0.285714285714,Terry Gross
78.0,3.0,0.21568627451,Terry Gross
81.0,3.0,0.454545454545,Terry Gross
84.0,3.0,0.320754716981,Terry Gross
87.0,3.0,0.15625,Terry Gross
90.0,3.0,0.0,Terry Gross
93.0,3.0,0.0,Terry Gross
96.0,3.0,0.0175438596491,Terry Gross
99.0,3.0,0.0,Terry Gross
102.0,3.0,0.0,Terry Gross
105.0,3.0,0.0,Terry Gross
108.0,3.0,0.0,Terry Gross
111.0,3.0,0.125,Terry Gross
114.0,3.0,0.0,Terry Gross
117.0,3.0,0.0,Terry Gross
120.0,3.0,0.0227272727273,Terry Gross
123.0,3.0,0.0,Terry Gross
126.0,3.0,0.468085106383,Terry Gross
129.0,3.0,0.487179487179,Terry Gross
132.0,3.0,0.411764705882,Terry Gross
135.0,3.0,0.551020408163,Terry Gross
138.0,3.0,0.454545454545,Terry Gross
141.0,3.0,0.0731707317073,Terry Gross
144.0,3.0,0.0,Terry Gross
147.0,3.0,0.0,Terry Gross
150.0,3.0,0.0,Terry Gross
153.0,3.0,0.0,Terry Gross
156.0,3.0,0.0,Terry Gross
159.0,3.0,0.0,Terry Gross
162.0,3.0,0.0,Terry Gross
165.0,3.0,0.0,Terry Gross
168.0,3.0,0.03125,Terry Gross
171.0,3.0,0.0,Terry Gross
174.0,3.0,0.0,Terry Gross
177.0,3.0,0.0,Terry Gross
180.0,3.0,0.0,Terry Gross
183.0,3.0,0.027027027027,Terry Gross
186.0,3.0,0.222222222222,Terry Gross
189.0,3.0,0.325,Terry Gross
192.0,3.0,0.0,Terry Gross
195.0,3.0,0.0,Terry Gross
198.0,3.0,0.0,Terry Gross
201.0,3.0,0.0,Terry Gross
204.0,3.0,0.0,Terry Gross
207.0,3.0,0.0,Terry Gross
210.0,3.0,0.0,Terry Gross
213.0,3.0,0.0,Terry Gross
216.0,3.0,0.0,Terry Gross
219.0,3.0,0.0,Terry Gross
222.0,3.0,0.0,Terry Gross
225.0,3.0,0.0,Terry Gross
228.0,3.0,0.162790697674,Terry Gross
231.0,3.0,0.323529411765,Terry Gross
234.0,3.0,0.5,Terry Gross
237.0,3.0,0.361111111111,Terry Gross
240.0,3.0,0.285714285714,Terry Gross
243.0,3.0,0.0727272727273,Terry Gross
246.0,3.0,0.0,Terry Gross
249.0,3.0,0.0,Terry Gross
252.0,3.0,0.0,Terry Gross
255.0,3.0,0.102040816327,Terry Gross
258.0,3.0,0.0,Terry Gross
261.0,3.0,0.0,Terry Gross
264.0,3.0,0.0,Terry Gross
267.0,3.0,0.0,Terry Gross
270.0,3.0,0.189189189189,Terry Gross
273.0,3.0,0.48,Terry Gross
276.0,3.0,0.36,Terry Gross
279.0,3.0,0.025641025641,Terry Gross
282.0,3.0,0.0,Terry Gross
285.0,3.0,0.0,Terry Gross
288.0,3.0,0.0294117647059,Terry Gross
291.0,3.0,0.0,Terry Gross
294.0,3.0,0.0,Terry Gross
297.0,3.0,0.0344827586207,Terry Gross
300.0,3.0,0.0,Terry Gross
303.0,3.0,0.0,Terry Gross
306.0,3.0,0.0,Terry Gross
309.0,3.0,0.0,Terry Gross
312.0,3.0,0.0,Terry Gross
315.0,3.0,0.0384615384615,Terry Gross
318.0,3.0,0.571428571429,Terry Gross
321.0,3.0,0.574074074074,Terry Gross
324.0,3.0,0.666666666667,Terry Gross
327.0,3.0,0.5625,Terry Gross
330.0,3.0,0.727272727273,Terry Gross
333.0,3.0,0.730769230769,Terry Gross
336.0,3.0,0.564102564103,Terry Gross
339.0,3.0,0.0,Terry Gross
342.0,3.0,0.0,Terry Gross
345.0,3.0,0.0,Terry Gross
348.0,3.0,0.5625,Terry Gross
351.0,3.0,0.5,Terry Gross
354.0,3.0,0.0,Terry Gross
357.0,3.0,0.0,Terry Gross
360.0,3.0,0.0,Terry Gross
363.0,3.0,0.0,Terry Gross
366.0,3.0,0.0,Terry Gross
369.0,3.0,0.0,Terry Gross
372.0,3.0,0.0,Terry Gross
375.0,3.0,0.0,Terry Gross
378.0,3.0,0.0,Terry Gross
381.0,3.0,0.0,Terry Gross
384.0,3.0,0.0,Terry Gross
387.0,3.0,0.0,Terry Gross
390.0,3.0,0.0,Terry Gross
393.0,3.0,0.4,Terry Gross
396.0,3.0,0.0,Terry Gross
399.0,3.0,0.0,Terry Gross
402.0,3.0,0.0,Terry Gross
405.0,3.0,0.0,Terry Gross
408.0,3.0,0.166666666667,Terry Gross
411.0,3.0,0.0,Terry Gross
414.0,3.0,0.0,Terry Gross
417.0,3.0,0.0909090909091,Terry Gross
420.0,3.0,0.0,Terry Gross
423.0,3.0,0.0,Terry Gross
426.0,3.0,0.12,Terry Gross
429.0,3.0,0.266666666667,Terry Gross
432.0,3.0,0.0,Terry Gross
435.0,3.0,0.0,Terry Gross
438.0,3.0,0.0,Terry Gross
441.0,3.0,0.0,Terry Gross
444.0,3.0,0.0,Terry Gross
447.0,3.0,0.0,Terry Gross
450.0,3.0,0.0,Terry Gross
453.0,3.0,0.0,Terry Gross
456.0,3.0,0.0,Terry Gross
459.0,3.0,0.0,Terry Gross
462.0,3.0,0.0,Terry Gross
465.0,3.0,0.0,Terry Gross
468.0,3.0,0.0,Terry Gross
471.0,3.0,0.0,Terry Gross
474.0,3.0,0.0,Terry Gross
477.0,3.0,0.388888888889,Terry Gross
480.0,3.0,0.380952380952,Terry Gross
483.0,3.0,0.66,Terry Gross
486.0,3.0,0.380952380952,Terry Gross
489.0,3.0,0.0,Terry Gross
492.0,3.0,0.0,Terry Gross
495.0,3.0,0.0,Terry Gross
498.0,3.0,0.0,Terry Gross
501.0,3.0,0.0,Terry Gross
504.0,3.0,0.0,Terry Gross
507.0,3.0,0.0,Terry Gross
510.0,3.0,0.128205128205,Terry Gross
513.0,3.0,0.0227272727273,Terry Gross
516.0,3.0,0.030303030303,Terry Gross
519.0,3.0,0.236363636364,Terry Gross
522.0,3.0,0.239130434783,Terry Gross
